-- 1. EMPLOYEE MANAGEMENT SYSTEM
CREATE TABLE Departments (id INTEGER PRIMARY KEY, name TEXT NOT NULL, location TEXT);
CREATE TABLE Employees (id INTEGER PRIMARY KEY, name TEXT NOT NULL, email TEXT UNIQUE, department_id INTEGER, salary DECIMAL(10, 2), join_date DATE, FOREIGN KEY (department_id) REFERENCES Departments(id));
INSERT INTO Departments VALUES (1, 'Engineering', 'Bangalore');
INSERT INTO Departments VALUES (2, 'HR', 'Bangalore');
INSERT INTO Departments VALUES (3, 'Sales', 'Delhi');
INSERT INTO Departments VALUES (4, 'Marketing', 'Chennai');
INSERT INTO Departments VALUES (5, 'Finance', 'Hyderabad');
INSERT INTO Departments VALUES (6, 'Operations', 'Delhi');
INSERT INTO Departments VALUES (7, 'Legal', 'Chennai');
INSERT INTO Departments VALUES (8, 'Product', 'Chennai');
INSERT INTO Employees VALUES (1, 'Krishna Das', 'krishna.das1@company.com', 4, 142795, '2023-09-13');
INSERT INTO Employees VALUES (2, 'Saanvi Das', 'saanvi.das2@company.com', 8, 53437, '2023-06-29');
INSERT INTO Employees VALUES (3, 'Reyansh Patel', 'reyansh.patel3@company.com', 5, 129378, '2022-07-16');
INSERT INTO Employees VALUES (4, 'Sara Sharma', 'sara.sharma4@company.com', 3, 132870, '2021-03-21');
INSERT INTO Employees VALUES (5, 'Reyansh Rao', 'reyansh.rao5@company.com', 6, 56870, '2020-08-15');
INSERT INTO Employees VALUES (6, 'Saanvi Malhotra', 'saanvi.malhotra6@company.com', 4, 84920, '2022-01-08');
INSERT INTO Employees VALUES (7, 'Myra Verma', 'myra.verma7@company.com', 6, 137711, '2022-04-26');
INSERT INTO Employees VALUES (8, 'Meera Reddy', 'meera.reddy8@company.com', 3, 85026, '2020-09-28');
INSERT INTO Employees VALUES (9, 'Aarav Mehta', 'aarav.mehta9@company.com', 1, 42878, '2021-01-04');
INSERT INTO Employees VALUES (10, 'Saanvi Sharma', 'saanvi.sharma10@company.com', 5, 123169, '2023-12-14');
INSERT INTO Employees VALUES (11, 'Reyansh Sharma', 'reyansh.sharma11@company.com', 5, 124317, '2020-12-08');
INSERT INTO Employees VALUES (12, 'Meera Gupta', 'meera.gupta12@company.com', 6, 147272, '2021-12-21');
INSERT INTO Employees VALUES (13, 'Arjun Chopra', 'arjun.chopra13@company.com', 7, 47416, '2020-11-15');
INSERT INTO Employees VALUES (14, 'Sara Patel', 'sara.patel14@company.com', 2, 38294, '2022-07-11');
INSERT INTO Employees VALUES (15, 'Ananya Singh', 'ananya.singh15@company.com', 1, 145422, '2020-01-16');
INSERT INTO Employees VALUES (16, 'Ishaan Malhotra', 'ishaan.malhotra16@company.com', 1, 47686, '2022-08-06');
INSERT INTO Employees VALUES (17, 'Aditya Singh', 'aditya.singh17@company.com', 7, 144108, '2022-10-14');
INSERT INTO Employees VALUES (18, 'Myra Gupta', 'myra.gupta18@company.com', 7, 56277, '2022-02-12');
INSERT INTO Employees VALUES (19, 'Sai Mehta', 'sai.mehta19@company.com', 5, 129509, '2023-10-10');
INSERT INTO Employees VALUES (20, 'Diya Das', 'diya.das20@company.com', 6, 50070, '2021-04-09');
INSERT INTO Employees VALUES (21, 'Anya Nair', 'anya.nair21@company.com', 2, 77943, '2021-12-06');
INSERT INTO Employees VALUES (22, 'Anya Das', 'anya.das22@company.com', 6, 116686, '2023-01-31');
INSERT INTO Employees VALUES (23, 'Ananya Das', 'ananya.das23@company.com', 4, 78127, '2022-01-02');
INSERT INTO Employees VALUES (24, 'Sai Reddy', 'sai.reddy24@company.com', 2, 94651, '2023-02-05');
INSERT INTO Employees VALUES (25, 'Arjun Chopra', 'arjun.chopra25@company.com', 7, 45426, '2023-02-14');
INSERT INTO Employees VALUES (26, 'Vivaan Reddy', 'vivaan.reddy26@company.com', 8, 67138, '2020-04-24');
INSERT INTO Employees VALUES (27, 'Aadhya Malhotra', 'aadhya.malhotra27@company.com', 2, 80203, '2022-01-10');
INSERT INTO Employees VALUES (28, 'Aadhya Sharma', 'aadhya.sharma28@company.com', 1, 30285, '2022-09-19');
INSERT INTO Employees VALUES (29, 'Sai Das', 'sai.das29@company.com', 7, 75622, '2022-11-12');
INSERT INTO Employees VALUES (30, 'Riya Iyer', 'riya.iyer30@company.com', 6, 59847, '2022-11-22');
INSERT INTO Employees VALUES (31, 'Myra Das', 'myra.das31@company.com', 3, 95093, '2023-01-07');
INSERT INTO Employees VALUES (32, 'Aadhya Das', 'aadhya.das32@company.com', 8, 61693, '2023-11-21');
INSERT INTO Employees VALUES (33, 'Diya Patel', 'diya.patel33@company.com', 2, 75585, '2023-08-14');
INSERT INTO Employees VALUES (34, 'Myra Gupta', 'myra.gupta34@company.com', 7, 68230, '2020-01-18');
INSERT INTO Employees VALUES (35, 'Myra Das', 'myra.das35@company.com', 6, 94799, '2021-12-25');
INSERT INTO Employees VALUES (36, 'Aarav Sharma', 'aarav.sharma36@company.com', 3, 121911, '2021-08-20');
INSERT INTO Employees VALUES (37, 'Arjun Singh', 'arjun.singh37@company.com', 4, 108927, '2021-04-08');
INSERT INTO Employees VALUES (38, 'Anya Singh', 'anya.singh38@company.com', 1, 58017, '2022-09-22');
INSERT INTO Employees VALUES (39, 'Aditya Mehta', 'aditya.mehta39@company.com', 3, 124772, '2022-03-15');
INSERT INTO Employees VALUES (40, 'Aditya Patel', 'aditya.patel40@company.com', 5, 34053, '2022-04-11');
INSERT INTO Employees VALUES (41, 'Pari Rao', 'pari.rao41@company.com', 7, 43718, '2020-07-20');
INSERT INTO Employees VALUES (42, 'Myra Iyer', 'myra.iyer42@company.com', 2, 121801, '2021-02-08');
INSERT INTO Employees VALUES (43, 'Anya Patel', 'anya.patel43@company.com', 5, 49007, '2022-06-29');
INSERT INTO Employees VALUES (44, 'Reyansh Singh', 'reyansh.singh44@company.com', 4, 33971, '2021-05-28');
INSERT INTO Employees VALUES (45, 'Vivaan Kumar', 'vivaan.kumar45@company.com', 1, 77501, '2021-01-20');
INSERT INTO Employees VALUES (46, 'Diya Patel', 'diya.patel46@company.com', 8, 97873, '2022-09-23');
INSERT INTO Employees VALUES (47, 'Myra Verma', 'myra.verma47@company.com', 3, 88366, '2023-07-24');
INSERT INTO Employees VALUES (48, 'Saanvi Nair', 'saanvi.nair48@company.com', 8, 143272, '2022-04-15');
INSERT INTO Employees VALUES (49, 'Aditya Verma', 'aditya.verma49@company.com', 8, 79833, '2023-06-10');
INSERT INTO Employees VALUES (50, 'Riya Singh', 'riya.singh50@company.com', 5, 47674, '2022-02-01');
INSERT INTO Employees VALUES (51, 'Saanvi Reddy', 'saanvi.reddy51@company.com', 2, 56068, '2020-07-13');
INSERT INTO Employees VALUES (52, 'Sara Joshi', 'sara.joshi52@company.com', 7, 132836, '2023-05-30');
INSERT INTO Employees VALUES (53, 'Arjun Sharma', 'arjun.sharma53@company.com', 1, 43366, '2021-07-15');
INSERT INTO Employees VALUES (54, 'Aditya Gupta', 'aditya.gupta54@company.com', 3, 56131, '2020-10-23');
INSERT INTO Employees VALUES (55, 'Pari Verma', 'pari.verma55@company.com', 2, 111107, '2021-02-08');
INSERT INTO Employees VALUES (56, 'Saanvi Reddy', 'saanvi.reddy56@company.com', 2, 109552, '2023-03-29');
INSERT INTO Employees VALUES (57, 'Riya Iyer', 'riya.iyer57@company.com', 5, 115505, '2020-07-28');
INSERT INTO Employees VALUES (58, 'Vihaan Joshi', 'vihaan.joshi58@company.com', 4, 77642, '2023-08-28');
INSERT INTO Employees VALUES (59, 'Vihaan Rao', 'vihaan.rao59@company.com', 8, 35397, '2023-12-21');
INSERT INTO Employees VALUES (60, 'Sara Patel', 'sara.patel60@company.com', 3, 113405, '2021-07-26');
INSERT INTO Employees VALUES (61, 'Sara Kumar', 'sara.kumar61@company.com', 5, 95136, '2022-02-08');
INSERT INTO Employees VALUES (62, 'Pari Malhotra', 'pari.malhotra62@company.com', 3, 106002, '2022-06-11');
INSERT INTO Employees VALUES (63, 'Vivaan Kumar', 'vivaan.kumar63@company.com', 8, 136383, '2020-05-14');
INSERT INTO Employees VALUES (64, 'Ananya Malhotra', 'ananya.malhotra64@company.com', 5, 61607, '2022-03-05');
INSERT INTO Employees VALUES (65, 'Reyansh Kumar', 'reyansh.kumar65@company.com', 7, 96451, '2021-02-17');
INSERT INTO Employees VALUES (66, 'Riya Patel', 'riya.patel66@company.com', 1, 104025, '2023-09-20');
INSERT INTO Employees VALUES (67, 'Meera Verma', 'meera.verma67@company.com', 2, 85335, '2020-05-21');
INSERT INTO Employees VALUES (68, 'Sai Nair', 'sai.nair68@company.com', 2, 85459, '2022-07-08');
INSERT INTO Employees VALUES (69, 'Anya Nair', 'anya.nair69@company.com', 2, 48596, '2020-12-29');
INSERT INTO Employees VALUES (70, 'Saanvi Malhotra', 'saanvi.malhotra70@company.com', 6, 131939, '2020-11-18');
INSERT INTO Employees VALUES (71, 'Meera Gupta', 'meera.gupta71@company.com', 6, 123606, '2021-04-14');
INSERT INTO Employees VALUES (72, 'Ananya Kumar', 'ananya.kumar72@company.com', 5, 124589, '2021-07-31');
INSERT INTO Employees VALUES (73, 'Sara Das', 'sara.das73@company.com', 2, 88930, '2020-09-01');
INSERT INTO Employees VALUES (74, 'Reyansh Das', 'reyansh.das74@company.com', 6, 79363, '2020-05-13');
INSERT INTO Employees VALUES (75, 'Aadhya Verma', 'aadhya.verma75@company.com', 4, 142228, '2021-09-28');
INSERT INTO Employees VALUES (76, 'Ayan Patel', 'ayan.patel76@company.com', 5, 96508, '2021-12-04');
INSERT INTO Employees VALUES (77, 'Myra Reddy', 'myra.reddy77@company.com', 1, 122256, '2022-11-16');
INSERT INTO Employees VALUES (78, 'Arjun Singh', 'arjun.singh78@company.com', 6, 54224, '2022-04-19');
INSERT INTO Employees VALUES (79, 'Sara Nair', 'sara.nair79@company.com', 7, 91374, '2020-10-30');
INSERT INTO Employees VALUES (80, 'Meera Gupta', 'meera.gupta80@company.com', 6, 87474, '2022-10-13');
INSERT INTO Employees VALUES (81, 'Myra Nair', 'myra.nair81@company.com', 5, 130025, '2020-09-21');
INSERT INTO Employees VALUES (82, 'Vihaan Patel', 'vihaan.patel82@company.com', 5, 89743, '2020-10-24');
INSERT INTO Employees VALUES (83, 'Sai Rao', 'sai.rao83@company.com', 3, 117391, '2023-03-02');
INSERT INTO Employees VALUES (84, 'Myra Rao', 'myra.rao84@company.com', 6, 135873, '2020-12-23');
INSERT INTO Employees VALUES (85, 'Myra Nair', 'myra.nair85@company.com', 1, 99378, '2023-06-18');
INSERT INTO Employees VALUES (86, 'Arjun Sharma', 'arjun.sharma86@company.com', 4, 104433, '2022-04-24');
INSERT INTO Employees VALUES (87, 'Vivaan Patel', 'vivaan.patel87@company.com', 5, 138986, '2022-07-04');
INSERT INTO Employees VALUES (88, 'Ayan Patel', 'ayan.patel88@company.com', 2, 104844, '2021-06-14');
INSERT INTO Employees VALUES (89, 'Aditya Rao', 'aditya.rao89@company.com', 5, 38403, '2021-04-05');
INSERT INTO Employees VALUES (90, 'Vivaan Kumar', 'vivaan.kumar90@company.com', 2, 82952, '2023-03-12');
INSERT INTO Employees VALUES (91, 'Reyansh Sharma', 'reyansh.sharma91@company.com', 4, 131156, '2021-04-22');
INSERT INTO Employees VALUES (92, 'Vihaan Kumar', 'vihaan.kumar92@company.com', 7, 72572, '2021-09-11');
INSERT INTO Employees VALUES (93, 'Ayan Malhotra', 'ayan.malhotra93@company.com', 6, 71521, '2021-06-17');
INSERT INTO Employees VALUES (94, 'Pari Rao', 'pari.rao94@company.com', 4, 52053, '2023-02-10');
INSERT INTO Employees VALUES (95, 'Aarav Das', 'aarav.das95@company.com', 3, 85443, '2021-11-18');
INSERT INTO Employees VALUES (96, 'Vihaan Reddy', 'vihaan.reddy96@company.com', 5, 141860, '2021-10-21');
INSERT INTO Employees VALUES (97, 'Arjun Rao', 'arjun.rao97@company.com', 2, 34453, '2022-10-04');
INSERT INTO Employees VALUES (98, 'Aditya Malhotra', 'aditya.malhotra98@company.com', 6, 32102, '2020-02-20');
INSERT INTO Employees VALUES (99, 'Sai Nair', 'sai.nair99@company.com', 6, 142788, '2022-11-29');
INSERT INTO Employees VALUES (100, 'Krishna Iyer', 'krishna.iyer100@company.com', 5, 124625, '2023-08-02');
INSERT INTO Employees VALUES (101, 'Krishna Gupta', 'krishna.gupta101@company.com', 8, 63713, '2021-06-22');
INSERT INTO Employees VALUES (102, 'Vivaan Das', 'vivaan.das102@company.com', 3, 105475, '2020-08-06');
INSERT INTO Employees VALUES (103, 'Vihaan Reddy', 'vihaan.reddy103@company.com', 3, 50315, '2021-12-19');
INSERT INTO Employees VALUES (104, 'Aadhya Singh', 'aadhya.singh104@company.com', 2, 148106, '2023-10-12');
INSERT INTO Employees VALUES (105, 'Aadhya Iyer', 'aadhya.iyer105@company.com', 2, 76903, '2023-12-21');
INSERT INTO Employees VALUES (106, 'Pari Malhotra', 'pari.malhotra106@company.com', 7, 61919, '2020-02-16');
INSERT INTO Employees VALUES (107, 'Anya Kumar', 'anya.kumar107@company.com', 8, 108489, '2020-03-19');
INSERT INTO Employees VALUES (108, 'Vivaan Joshi', 'vivaan.joshi108@company.com', 5, 30944, '2021-03-16');
INSERT INTO Employees VALUES (109, 'Ananya Patel', 'ananya.patel109@company.com', 6, 76542, '2021-04-18');
INSERT INTO Employees VALUES (110, 'Vivaan Kumar', 'vivaan.kumar110@company.com', 8, 105173, '2021-07-05');
INSERT INTO Employees VALUES (111, 'Krishna Iyer', 'krishna.iyer111@company.com', 4, 114579, '2020-04-24');
INSERT INTO Employees VALUES (112, 'Diya Mehta', 'diya.mehta112@company.com', 7, 124414, '2021-12-27');
INSERT INTO Employees VALUES (113, 'Anya Rao', 'anya.rao113@company.com', 4, 127141, '2023-12-25');
INSERT INTO Employees VALUES (114, 'Vihaan Chopra', 'vihaan.chopra114@company.com', 3, 98560, '2021-03-21');
INSERT INTO Employees VALUES (115, 'Saanvi Patel', 'saanvi.patel115@company.com', 6, 144504, '2021-10-24');
INSERT INTO Employees VALUES (116, 'Vihaan Joshi', 'vihaan.joshi116@company.com', 5, 136724, '2020-05-25');
INSERT INTO Employees VALUES (117, 'Vivaan Mehta', 'vivaan.mehta117@company.com', 3, 140778, '2021-04-19');
INSERT INTO Employees VALUES (118, 'Aarav Chopra', 'aarav.chopra118@company.com', 1, 126020, '2020-09-05');
INSERT INTO Employees VALUES (119, 'Vivaan Nair', 'vivaan.nair119@company.com', 8, 121015, '2020-07-05');
INSERT INTO Employees VALUES (120, 'Krishna Iyer', 'krishna.iyer120@company.com', 3, 72638, '2020-02-10');
INSERT INTO Employees VALUES (121, 'Saanvi Singh', 'saanvi.singh121@company.com', 2, 129657, '2021-12-29');
INSERT INTO Employees VALUES (122, 'Ishaan Chopra', 'ishaan.chopra122@company.com', 8, 98962, '2023-03-07');
INSERT INTO Employees VALUES (123, 'Krishna Iyer', 'krishna.iyer123@company.com', 1, 79304, '2020-04-11');
INSERT INTO Employees VALUES (124, 'Sai Rao', 'sai.rao124@company.com', 1, 115604, '2020-09-05');
INSERT INTO Employees VALUES (125, 'Arjun Patel', 'arjun.patel125@company.com', 6, 54827, '2023-12-28');
INSERT INTO Employees VALUES (126, 'Aadhya Mehta', 'aadhya.mehta126@company.com', 4, 60278, '2023-06-09');
INSERT INTO Employees VALUES (127, 'Krishna Das', 'krishna.das127@company.com', 2, 85136, '2020-03-09');
INSERT INTO Employees VALUES (128, 'Sai Nair', 'sai.nair128@company.com', 1, 51673, '2022-10-06');
INSERT INTO Employees VALUES (129, 'Reyansh Kumar', 'reyansh.kumar129@company.com', 1, 100504, '2021-10-29');
INSERT INTO Employees VALUES (130, 'Myra Nair', 'myra.nair130@company.com', 6, 46999, '2023-09-25');
INSERT INTO Employees VALUES (131, 'Aadhya Sharma', 'aadhya.sharma131@company.com', 4, 56151, '2020-11-11');
INSERT INTO Employees VALUES (132, 'Aadhya Gupta', 'aadhya.gupta132@company.com', 6, 37670, '2023-12-17');
INSERT INTO Employees VALUES (133, 'Vihaan Rao', 'vihaan.rao133@company.com', 8, 44810, '2023-04-15');
INSERT INTO Employees VALUES (134, 'Aadhya Mehta', 'aadhya.mehta134@company.com', 6, 90727, '2021-04-18');
INSERT INTO Employees VALUES (135, 'Pari Das', 'pari.das135@company.com', 1, 125816, '2021-12-12');
INSERT INTO Employees VALUES (136, 'Vihaan Reddy', 'vihaan.reddy136@company.com', 1, 114661, '2023-01-29');
INSERT INTO Employees VALUES (137, 'Aarav Mehta', 'aarav.mehta137@company.com', 3, 111718, '2023-02-01');
INSERT INTO Employees VALUES (138, 'Ananya Chopra', 'ananya.chopra138@company.com', 5, 95500, '2021-02-08');
INSERT INTO Employees VALUES (139, 'Meera Rao', 'meera.rao139@company.com', 2, 136807, '2021-03-22');
INSERT INTO Employees VALUES (140, 'Ishaan Sharma', 'ishaan.sharma140@company.com', 4, 56990, '2023-02-02');
INSERT INTO Employees VALUES (141, 'Saanvi Nair', 'saanvi.nair141@company.com', 4, 93354, '2023-12-22');
INSERT INTO Employees VALUES (142, 'Reyansh Sharma', 'reyansh.sharma142@company.com', 1, 47886, '2020-04-30');
INSERT INTO Employees VALUES (143, 'Ananya Das', 'ananya.das143@company.com', 5, 72626, '2022-02-18');
INSERT INTO Employees VALUES (144, 'Ananya Das', 'ananya.das144@company.com', 5, 34136, '2022-10-04');
INSERT INTO Employees VALUES (145, 'Aditya Gupta', 'aditya.gupta145@company.com', 6, 55624, '2023-09-13');
INSERT INTO Employees VALUES (146, 'Krishna Joshi', 'krishna.joshi146@company.com', 6, 100117, '2022-08-28');
INSERT INTO Employees VALUES (147, 'Reyansh Singh', 'reyansh.singh147@company.com', 2, 64322, '2021-06-21');
INSERT INTO Employees VALUES (148, 'Riya Singh', 'riya.singh148@company.com', 8, 82728, '2021-06-16');
INSERT INTO Employees VALUES (149, 'Sai Patel', 'sai.patel149@company.com', 5, 88249, '2022-07-20');
INSERT INTO Employees VALUES (150, 'Krishna Iyer', 'krishna.iyer150@company.com', 1, 103725, '2023-03-27');

-- 2. IPL CRICKET MANAGEMENT
CREATE TABLE Teams (id INTEGER PRIMARY KEY, name TEXT UNIQUE NOT NULL, home_ground TEXT, captain TEXT);
CREATE TABLE Players (id INTEGER PRIMARY KEY, name TEXT NOT NULL, team_id INTEGER, role TEXT, runs_scored INTEGER DEFAULT 0, wickets_taken INTEGER DEFAULT 0, FOREIGN KEY (team_id) REFERENCES Teams(id));
CREATE TABLE Matches (id INTEGER PRIMARY KEY, team1_id INTEGER, team2_id INTEGER, match_date DATE, winner_team_id INTEGER, venue TEXT, FOREIGN KEY (team1_id) REFERENCES Teams(id), FOREIGN KEY (team2_id) REFERENCES Teams(id));
INSERT INTO Teams VALUES (1, 'Chennai Super Kings', 'Chepauk', 'MS Dhoni');
INSERT INTO Teams VALUES (2, 'Mumbai Indians', 'Wankhede', 'Rohit Sharma');
INSERT INTO Teams VALUES (3, 'RCB', 'Chinnaswamy', 'Faf du Plessis');
INSERT INTO Teams VALUES (4, 'Gujarat Titans', 'Narendra Modi Stadium', 'Shubman Gill');
INSERT INTO Teams VALUES (5, 'KKR', 'Eden Gardens', 'Shreyas Iyer');
INSERT INTO Teams VALUES (6, 'Delhi Capitals', 'Arun Jaitley Stadium', 'Rishabh Pant');
INSERT INTO Teams VALUES (7, 'Rajasthan Royals', 'Sawai Mansingh', 'Sanju Samson');
INSERT INTO Teams VALUES (8, 'SRH', 'Rajiv Gandhi Intl', 'Pat Cummins');
INSERT INTO Players VALUES (1, 'Riya Sharma', 1, 'Wicketkeeper', 2109, 16);
INSERT INTO Players VALUES (2, 'Anya Das', 2, 'Wicketkeeper', 4388, 86);
INSERT INTO Players VALUES (3, 'Reyansh Patel', 3, 'Wicketkeeper', 1230, 200);
INSERT INTO Players VALUES (4, 'Ayan Chopra', 4, 'Bowler', 4161, 65);
INSERT INTO Players VALUES (5, 'Ayan Sharma', 5, 'Batsman', 3749, 1);
INSERT INTO Players VALUES (6, 'Sai Iyer', 6, 'All-Rounder', 1431, 79);
INSERT INTO Players VALUES (7, 'Riya Joshi', 7, 'Bowler', 877, 85);
INSERT INTO Players VALUES (8, 'Vivaan Verma', 8, 'All-Rounder', 1550, 102);
INSERT INTO Players VALUES (9, 'Reyansh Chopra', 1, 'Batsman', 2492, 8);
INSERT INTO Players VALUES (10, 'Aarav Gupta', 2, 'Batsman', 4152, 9);
INSERT INTO Players VALUES (11, 'Vihaan Joshi', 3, 'All-Rounder', 1368, 13);
INSERT INTO Players VALUES (12, 'Reyansh Patel', 4, 'Batsman', 1517, 2);
INSERT INTO Players VALUES (13, 'Saanvi Mehta', 5, 'Batsman', 4377, 1);
INSERT INTO Players VALUES (14, 'Vihaan Gupta', 6, 'All-Rounder', 1316, 187);
INSERT INTO Players VALUES (15, 'Diya Joshi', 7, 'Wicketkeeper', 3143, 140);
INSERT INTO Players VALUES (16, 'Ayan Sharma', 8, 'Wicketkeeper', 2782, 45);
INSERT INTO Players VALUES (17, 'Ishaan Joshi', 1, 'All-Rounder', 395, 26);
INSERT INTO Players VALUES (18, 'Ishaan Malhotra', 2, 'All-Rounder', 2547, 19);
INSERT INTO Players VALUES (19, 'Sai Iyer', 3, 'All-Rounder', 155, 56);
INSERT INTO Players VALUES (20, 'Aarav Joshi', 4, 'Bowler', 2522, 50);
INSERT INTO Players VALUES (21, 'Krishna Mehta', 5, 'Wicketkeeper', 4582, 125);
INSERT INTO Players VALUES (22, 'Saanvi Malhotra', 6, 'Bowler', 2675, 174);
INSERT INTO Players VALUES (23, 'Vihaan Chopra', 7, 'Batsman', 1619, 7);
INSERT INTO Players VALUES (24, 'Pari Malhotra', 8, 'All-Rounder', 2251, 176);
INSERT INTO Players VALUES (25, 'Krishna Rao', 1, 'All-Rounder', 1643, 84);
INSERT INTO Players VALUES (26, 'Diya Patel', 2, 'Wicketkeeper', 2058, 116);
INSERT INTO Players VALUES (27, 'Vivaan Gupta', 3, 'Wicketkeeper', 1851, 32);
INSERT INTO Players VALUES (28, 'Reyansh Reddy', 4, 'Bowler', 2572, 72);
INSERT INTO Players VALUES (29, 'Ayan Gupta', 5, 'Wicketkeeper', 1503, 114);
INSERT INTO Players VALUES (30, 'Ananya Reddy', 6, 'Wicketkeeper', 123, 68);
INSERT INTO Players VALUES (31, 'Riya Joshi', 7, 'Bowler', 1474, 130);
INSERT INTO Players VALUES (32, 'Aarav Mehta', 8, 'Wicketkeeper', 1783, 117);
INSERT INTO Players VALUES (33, 'Arjun Verma', 1, 'Batsman', 2613, 0);
INSERT INTO Players VALUES (34, 'Anya Verma', 2, 'All-Rounder', 1890, 19);
INSERT INTO Players VALUES (35, 'Vivaan Patel', 3, 'All-Rounder', 1918, 124);
INSERT INTO Players VALUES (36, 'Riya Joshi', 4, 'All-Rounder', 875, 111);
INSERT INTO Players VALUES (37, 'Myra Verma', 5, 'Batsman', 2270, 3);
INSERT INTO Players VALUES (38, 'Pari Malhotra', 6, 'Batsman', 2300, 5);
INSERT INTO Players VALUES (39, 'Aditya Patel', 7, 'All-Rounder', 55, 146);
INSERT INTO Players VALUES (40, 'Diya Joshi', 8, 'Bowler', 4670, 2);
INSERT INTO Players VALUES (41, 'Reyansh Iyer', 1, 'Batsman', 1488, 0);
INSERT INTO Players VALUES (42, 'Reyansh Nair', 2, 'Batsman', 3109, 6);
INSERT INTO Players VALUES (43, 'Krishna Das', 3, 'Wicketkeeper', 4290, 149);
INSERT INTO Players VALUES (44, 'Vivaan Sharma', 4, 'Bowler', 4112, 128);
INSERT INTO Players VALUES (45, 'Vihaan Malhotra', 5, 'Batsman', 971, 4);
INSERT INTO Players VALUES (46, 'Ishaan Das', 6, 'Bowler', 1066, 96);
INSERT INTO Players VALUES (47, 'Pari Iyer', 7, 'Wicketkeeper', 3267, 103);
INSERT INTO Players VALUES (48, 'Ishaan Patel', 8, 'All-Rounder', 4440, 198);
INSERT INTO Players VALUES (49, 'Sai Rao', 1, 'Wicketkeeper', 3083, 77);
INSERT INTO Players VALUES (50, 'Aarav Chopra', 2, 'All-Rounder', 2983, 100);
INSERT INTO Players VALUES (51, 'Reyansh Iyer', 3, 'All-Rounder', 4926, 77);
INSERT INTO Players VALUES (52, 'Aditya Reddy', 4, 'Bowler', 952, 132);
INSERT INTO Players VALUES (53, 'Anya Chopra', 5, 'Batsman', 2415, 4);
INSERT INTO Players VALUES (54, 'Krishna Gupta', 6, 'All-Rounder', 3020, 65);
INSERT INTO Players VALUES (55, 'Sai Malhotra', 7, 'Wicketkeeper', 1909, 157);
INSERT INTO Players VALUES (56, 'Sai Joshi', 8, 'Wicketkeeper', 3900, 155);
INSERT INTO Players VALUES (57, 'Krishna Malhotra', 1, 'All-Rounder', 2558, 154);
INSERT INTO Players VALUES (58, 'Reyansh Patel', 2, 'Wicketkeeper', 2717, 181);
INSERT INTO Players VALUES (59, 'Meera Rao', 3, 'Batsman', 4800, 6);
INSERT INTO Players VALUES (60, 'Saanvi Das', 4, 'Wicketkeeper', 1453, 66);
INSERT INTO Players VALUES (61, 'Vivaan Reddy', 5, 'All-Rounder', 622, 30);
INSERT INTO Players VALUES (62, 'Diya Singh', 6, 'Bowler', 1473, 45);
INSERT INTO Players VALUES (63, 'Riya Kumar', 7, 'Wicketkeeper', 2836, 93);
INSERT INTO Players VALUES (64, 'Arjun Rao', 8, 'Wicketkeeper', 4763, 88);
INSERT INTO Players VALUES (65, 'Diya Gupta', 1, 'Batsman', 4421, 8);
INSERT INTO Players VALUES (66, 'Pari Gupta', 2, 'Wicketkeeper', 4456, 92);
INSERT INTO Players VALUES (67, 'Sara Chopra', 3, 'Batsman', 809, 7);
INSERT INTO Players VALUES (68, 'Aadhya Das', 4, 'Bowler', 3827, 58);
INSERT INTO Players VALUES (69, 'Sara Iyer', 5, 'Wicketkeeper', 252, 72);
INSERT INTO Players VALUES (70, 'Aditya Reddy', 6, 'Bowler', 2063, 13);
INSERT INTO Players VALUES (71, 'Sara Malhotra', 7, 'All-Rounder', 3379, 133);
INSERT INTO Players VALUES (72, 'Ishaan Rao', 8, 'Bowler', 576, 95);
INSERT INTO Players VALUES (73, 'Sai Gupta', 1, 'Batsman', 4447, 2);
INSERT INTO Players VALUES (74, 'Ananya Mehta', 2, 'Wicketkeeper', 4741, 40);
INSERT INTO Players VALUES (75, 'Ayan Das', 3, 'Bowler', 648, 89);
INSERT INTO Players VALUES (76, 'Vihaan Chopra', 4, 'All-Rounder', 3191, 140);
INSERT INTO Players VALUES (77, 'Sai Patel', 5, 'All-Rounder', 4435, 176);
INSERT INTO Players VALUES (78, 'Aarav Gupta', 6, 'Bowler', 4622, 39);
INSERT INTO Players VALUES (79, 'Aditya Iyer', 7, 'Batsman', 2221, 8);
INSERT INTO Players VALUES (80, 'Diya Malhotra', 8, 'All-Rounder', 3468, 186);
INSERT INTO Players VALUES (81, 'Riya Kumar', 1, 'Wicketkeeper', 2346, 118);
INSERT INTO Players VALUES (82, 'Sai Malhotra', 2, 'Bowler', 3874, 187);
INSERT INTO Players VALUES (83, 'Reyansh Malhotra', 3, 'Bowler', 4418, 89);
INSERT INTO Players VALUES (84, 'Aditya Singh', 4, 'Wicketkeeper', 3566, 44);
INSERT INTO Players VALUES (85, 'Ayan Kumar', 5, 'All-Rounder', 2881, 37);
INSERT INTO Players VALUES (86, 'Pari Das', 6, 'All-Rounder', 2482, 14);
INSERT INTO Players VALUES (87, 'Riya Reddy', 7, 'Bowler', 2364, 118);
INSERT INTO Players VALUES (88, 'Vivaan Joshi', 8, 'All-Rounder', 4561, 6);
INSERT INTO Players VALUES (89, 'Aarav Sharma', 1, 'Bowler', 511, 49);
INSERT INTO Players VALUES (90, 'Anya Sharma', 2, 'Wicketkeeper', 2848, 90);
INSERT INTO Players VALUES (91, 'Pari Iyer', 3, 'Wicketkeeper', 1964, 182);
INSERT INTO Players VALUES (92, 'Sara Patel', 4, 'Batsman', 1559, 4);
INSERT INTO Players VALUES (93, 'Ananya Gupta', 5, 'All-Rounder', 2973, 193);
INSERT INTO Players VALUES (94, 'Krishna Chopra', 6, 'Wicketkeeper', 4648, 110);
INSERT INTO Players VALUES (95, 'Ananya Das', 7, 'Bowler', 574, 66);
INSERT INTO Players VALUES (96, 'Myra Das', 8, 'Batsman', 3364, 0);
INSERT INTO Players VALUES (97, 'Anya Mehta', 1, 'Wicketkeeper', 1906, 179);
INSERT INTO Players VALUES (98, 'Saanvi Sharma', 2, 'Wicketkeeper', 2846, 161);
INSERT INTO Players VALUES (99, 'Sai Nair', 3, 'All-Rounder', 1401, 181);
INSERT INTO Players VALUES (100, 'Aarav Malhotra', 4, 'Batsman', 2856, 3);
INSERT INTO Players VALUES (101, 'Aarav Sharma', 5, 'Bowler', 2763, 98);
INSERT INTO Players VALUES (102, 'Myra Chopra', 6, 'Bowler', 2331, 140);
INSERT INTO Players VALUES (103, 'Sara Kumar', 7, 'Bowler', 3710, 27);
INSERT INTO Players VALUES (104, 'Sara Chopra', 8, 'All-Rounder', 1009, 182);
INSERT INTO Players VALUES (105, 'Meera Sharma', 1, 'All-Rounder', 3360, 4);
INSERT INTO Players VALUES (106, 'Sai Singh', 2, 'Batsman', 536, 1);
INSERT INTO Players VALUES (107, 'Myra Verma', 3, 'Bowler', 4349, 2);
INSERT INTO Players VALUES (108, 'Saanvi Mehta', 4, 'Bowler', 3629, 64);
INSERT INTO Players VALUES (109, 'Myra Rao', 5, 'Batsman', 2377, 10);
INSERT INTO Players VALUES (110, 'Aditya Iyer', 6, 'Wicketkeeper', 3788, 171);
INSERT INTO Players VALUES (111, 'Meera Singh', 7, 'Bowler', 4441, 152);
INSERT INTO Players VALUES (112, 'Vivaan Nair', 8, 'All-Rounder', 2184, 151);
INSERT INTO Players VALUES (113, 'Myra Sharma', 1, 'Bowler', 684, 21);
INSERT INTO Players VALUES (114, 'Vivaan Das', 2, 'Wicketkeeper', 2911, 135);
INSERT INTO Players VALUES (115, 'Aarav Chopra', 3, 'Batsman', 3467, 3);
INSERT INTO Players VALUES (116, 'Ayan Das', 4, 'Batsman', 854, 5);
INSERT INTO Players VALUES (117, 'Aditya Chopra', 5, 'Wicketkeeper', 3634, 132);
INSERT INTO Players VALUES (118, 'Myra Reddy', 6, 'Wicketkeeper', 4679, 61);
INSERT INTO Players VALUES (119, 'Ishaan Nair', 7, 'Wicketkeeper', 4995, 88);
INSERT INTO Players VALUES (120, 'Saanvi Chopra', 8, 'All-Rounder', 3663, 38);
INSERT INTO Players VALUES (121, 'Ananya Iyer', 1, 'All-Rounder', 1002, 93);
INSERT INTO Players VALUES (122, 'Diya Gupta', 2, 'Wicketkeeper', 3851, 73);
INSERT INTO Players VALUES (123, 'Myra Nair', 3, 'Wicketkeeper', 289, 15);
INSERT INTO Players VALUES (124, 'Saanvi Singh', 4, 'All-Rounder', 28, 4);
INSERT INTO Players VALUES (125, 'Ayan Rao', 5, 'Wicketkeeper', 3213, 7);
INSERT INTO Players VALUES (126, 'Sai Reddy', 6, 'Bowler', 3179, 24);
INSERT INTO Players VALUES (127, 'Saanvi Joshi', 7, 'Wicketkeeper', 3034, 79);
INSERT INTO Players VALUES (128, 'Meera Singh', 8, 'Wicketkeeper', 3973, 154);
INSERT INTO Players VALUES (129, 'Aadhya Nair', 1, 'All-Rounder', 722, 188);
INSERT INTO Players VALUES (130, 'Myra Joshi', 2, 'Batsman', 2567, 5);
INSERT INTO Players VALUES (131, 'Vihaan Joshi', 3, 'Bowler', 4960, 111);
INSERT INTO Players VALUES (132, 'Anya Chopra', 4, 'Wicketkeeper', 4599, 110);
INSERT INTO Players VALUES (133, 'Aarav Reddy', 5, 'Bowler', 3450, 122);
INSERT INTO Players VALUES (134, 'Reyansh Verma', 6, 'All-Rounder', 2472, 31);
INSERT INTO Players VALUES (135, 'Sara Singh', 7, 'Wicketkeeper', 2181, 45);
INSERT INTO Players VALUES (136, 'Diya Sharma', 8, 'Batsman', 299, 0);
INSERT INTO Players VALUES (137, 'Aadhya Mehta', 1, 'Wicketkeeper', 1848, 10);
INSERT INTO Players VALUES (138, 'Meera Joshi', 2, 'All-Rounder', 2078, 57);
INSERT INTO Players VALUES (139, 'Riya Das', 3, 'Bowler', 302, 159);
INSERT INTO Players VALUES (140, 'Sai Rao', 4, 'Wicketkeeper', 4478, 21);
INSERT INTO Players VALUES (141, 'Riya Chopra', 5, 'All-Rounder', 3053, 190);
INSERT INTO Players VALUES (142, 'Krishna Mehta', 6, 'Batsman', 2930, 5);
INSERT INTO Players VALUES (143, 'Sara Singh', 7, 'Wicketkeeper', 3116, 92);
INSERT INTO Players VALUES (144, 'Ishaan Patel', 8, 'Wicketkeeper', 3419, 28);
INSERT INTO Players VALUES (145, 'Meera Das', 1, 'Bowler', 4784, 28);
INSERT INTO Players VALUES (146, 'Aditya Gupta', 2, 'All-Rounder', 3694, 27);
INSERT INTO Players VALUES (147, 'Aadhya Patel', 3, 'All-Rounder', 3380, 52);
INSERT INTO Players VALUES (148, 'Aditya Reddy', 4, 'All-Rounder', 2706, 101);
INSERT INTO Players VALUES (149, 'Aadhya Patel', 5, 'Bowler', 1778, 159);
INSERT INTO Players VALUES (150, 'Ayan Verma', 6, 'Bowler', 425, 133);
INSERT INTO Players VALUES (151, 'Aditya Gupta', 7, 'Wicketkeeper', 3104, 12);
INSERT INTO Players VALUES (152, 'Aarav Patel', 8, 'Batsman', 1463, 3);
INSERT INTO Players VALUES (153, 'Vivaan Malhotra', 1, 'All-Rounder', 3155, 25);
INSERT INTO Players VALUES (154, 'Sara Patel', 2, 'All-Rounder', 2423, 3);
INSERT INTO Players VALUES (155, 'Anya Sharma', 3, 'Batsman', 4409, 9);
INSERT INTO Players VALUES (156, 'Vihaan Reddy', 4, 'All-Rounder', 2974, 77);
INSERT INTO Players VALUES (157, 'Krishna Gupta', 5, 'Batsman', 2316, 8);
INSERT INTO Players VALUES (158, 'Sara Reddy', 6, 'Bowler', 4563, 57);
INSERT INTO Players VALUES (159, 'Aadhya Reddy', 7, 'Batsman', 2507, 3);
INSERT INTO Players VALUES (160, 'Ananya Chopra', 8, 'Bowler', 4513, 136);
INSERT INTO Matches VALUES (1, 6, 4, '2023-05-19', 6, 'Arun Jaitley Stadium');
INSERT INTO Matches VALUES (2, 6, 8, '2023-03-26', 8, 'Arun Jaitley Stadium');
INSERT INTO Matches VALUES (3, 5, 6, '2023-10-24', 5, 'Eden Gardens');
INSERT INTO Matches VALUES (4, 3, 6, '2022-04-09', 3, 'Chinnaswamy');
INSERT INTO Matches VALUES (5, 8, 4, '2022-08-04', 4, 'Rajiv Gandhi Intl');
INSERT INTO Matches VALUES (6, 1, 5, '2020-09-17', 5, 'Chepauk');
INSERT INTO Matches VALUES (7, 4, 7, '2022-10-20', 4, 'Narendra Modi Stadium');
INSERT INTO Matches VALUES (8, 5, 2, '2022-12-09', 5, 'Eden Gardens');
INSERT INTO Matches VALUES (9, 4, 3, '2023-07-24', 4, 'Narendra Modi Stadium');
INSERT INTO Matches VALUES (10, 4, 6, '2022-03-17', 4, 'Narendra Modi Stadium');
INSERT INTO Matches VALUES (11, 7, 2, '2021-12-31', 2, 'Sawai Mansingh');
INSERT INTO Matches VALUES (12, 6, 5, '2020-07-27', 6, 'Arun Jaitley Stadium');
INSERT INTO Matches VALUES (13, 2, 4, '2023-01-27', 4, 'Wankhede');
INSERT INTO Matches VALUES (14, 3, 2, '2020-11-19', 3, 'Chinnaswamy');
INSERT INTO Matches VALUES (15, 5, 2, '2021-04-28', 5, 'Eden Gardens');
INSERT INTO Matches VALUES (16, 7, 2, '2021-07-14', 2, 'Sawai Mansingh');
INSERT INTO Matches VALUES (17, 3, 1, '2023-10-01', 1, 'Chinnaswamy');
INSERT INTO Matches VALUES (18, 6, 7, '2022-11-27', 7, 'Arun Jaitley Stadium');
INSERT INTO Matches VALUES (19, 1, 8, '2021-01-11', 1, 'Chepauk');
INSERT INTO Matches VALUES (20, 2, 1, '2021-05-26', 2, 'Wankhede');
INSERT INTO Matches VALUES (21, 5, 2, '2021-09-05', 2, 'Eden Gardens');
INSERT INTO Matches VALUES (22, 6, 1, '2021-06-11', 1, 'Arun Jaitley Stadium');
INSERT INTO Matches VALUES (23, 2, 7, '2020-08-04', 2, 'Wankhede');
INSERT INTO Matches VALUES (24, 6, 5, '2021-09-20', 6, 'Arun Jaitley Stadium');
INSERT INTO Matches VALUES (25, 6, 3, '2020-07-22', 3, 'Arun Jaitley Stadium');
INSERT INTO Matches VALUES (26, 3, 6, '2020-02-23', 6, 'Chinnaswamy');
INSERT INTO Matches VALUES (27, 3, 8, '2023-09-20', 3, 'Chinnaswamy');
INSERT INTO Matches VALUES (28, 5, 6, '2023-06-29', 6, 'Eden Gardens');
INSERT INTO Matches VALUES (29, 1, 2, '2022-01-16', 2, 'Chepauk');
INSERT INTO Matches VALUES (30, 2, 8, '2023-07-09', 8, 'Wankhede');
INSERT INTO Matches VALUES (31, 3, 1, '2021-04-29', 3, 'Chinnaswamy');
INSERT INTO Matches VALUES (32, 6, 1, '2020-09-29', 6, 'Arun Jaitley Stadium');
INSERT INTO Matches VALUES (33, 2, 5, '2021-03-14', 2, 'Wankhede');
INSERT INTO Matches VALUES (34, 2, 3, '2023-07-16', 2, 'Wankhede');
INSERT INTO Matches VALUES (35, 7, 8, '2022-09-19', 8, 'Sawai Mansingh');
INSERT INTO Matches VALUES (36, 5, 4, '2021-08-13', 4, 'Eden Gardens');
INSERT INTO Matches VALUES (37, 6, 8, '2021-11-08', 6, 'Arun Jaitley Stadium');
INSERT INTO Matches VALUES (38, 3, 7, '2022-03-02', 3, 'Chinnaswamy');
INSERT INTO Matches VALUES (39, 2, 5, '2021-02-27', 2, 'Wankhede');
INSERT INTO Matches VALUES (40, 2, 7, '2022-08-26', 2, 'Wankhede');
INSERT INTO Matches VALUES (41, 7, 6, '2021-07-17', 7, 'Sawai Mansingh');
INSERT INTO Matches VALUES (42, 3, 7, '2021-01-25', 7, 'Chinnaswamy');
INSERT INTO Matches VALUES (43, 3, 7, '2023-05-27', 3, 'Chinnaswamy');
INSERT INTO Matches VALUES (44, 7, 1, '2020-10-25', 1, 'Sawai Mansingh');
INSERT INTO Matches VALUES (45, 5, 2, '2020-08-12', 5, 'Eden Gardens');
INSERT INTO Matches VALUES (46, 5, 3, '2022-05-13', 5, 'Eden Gardens');
INSERT INTO Matches VALUES (47, 4, 1, '2020-08-03', 1, 'Narendra Modi Stadium');
INSERT INTO Matches VALUES (48, 2, 8, '2022-02-09', 2, 'Wankhede');
INSERT INTO Matches VALUES (49, 1, 4, '2023-11-18', 1, 'Chepauk');
INSERT INTO Matches VALUES (50, 7, 5, '2021-08-18', 5, 'Sawai Mansingh');
INSERT INTO Matches VALUES (51, 8, 2, '2023-09-19', 2, 'Rajiv Gandhi Intl');
INSERT INTO Matches VALUES (52, 8, 2, '2021-08-03', 8, 'Rajiv Gandhi Intl');
INSERT INTO Matches VALUES (53, 4, 6, '2023-02-06', 6, 'Narendra Modi Stadium');
INSERT INTO Matches VALUES (54, 6, 7, '2023-01-14', 7, 'Arun Jaitley Stadium');
INSERT INTO Matches VALUES (55, 1, 2, '2022-06-14', 1, 'Chepauk');
INSERT INTO Matches VALUES (56, 5, 7, '2021-05-05', 5, 'Eden Gardens');
INSERT INTO Matches VALUES (57, 4, 7, '2021-12-05', 7, 'Narendra Modi Stadium');
INSERT INTO Matches VALUES (58, 5, 1, '2022-03-23', 5, 'Eden Gardens');
INSERT INTO Matches VALUES (59, 4, 6, '2020-09-23', 6, 'Narendra Modi Stadium');
INSERT INTO Matches VALUES (60, 8, 7, '2020-11-14', 7, 'Rajiv Gandhi Intl');
INSERT INTO Matches VALUES (61, 1, 8, '2020-05-26', 8, 'Chepauk');
INSERT INTO Matches VALUES (62, 6, 2, '2022-01-05', 6, 'Arun Jaitley Stadium');
INSERT INTO Matches VALUES (63, 4, 5, '2020-11-29', 4, 'Narendra Modi Stadium');
INSERT INTO Matches VALUES (64, 3, 4, '2023-10-15', 4, 'Chinnaswamy');
INSERT INTO Matches VALUES (65, 1, 8, '2023-09-27', 1, 'Chepauk');
INSERT INTO Matches VALUES (66, 1, 5, '2020-11-25', 5, 'Chepauk');
INSERT INTO Matches VALUES (67, 8, 4, '2021-03-07', 4, 'Rajiv Gandhi Intl');
INSERT INTO Matches VALUES (68, 4, 2, '2022-08-13', 4, 'Narendra Modi Stadium');
INSERT INTO Matches VALUES (69, 4, 8, '2020-11-19', 4, 'Narendra Modi Stadium');
INSERT INTO Matches VALUES (70, 5, 7, '2023-08-25', 5, 'Eden Gardens');
INSERT INTO Matches VALUES (71, 7, 3, '2021-07-16', 3, 'Sawai Mansingh');
INSERT INTO Matches VALUES (72, 4, 6, '2021-05-30', 4, 'Narendra Modi Stadium');
INSERT INTO Matches VALUES (73, 2, 4, '2022-10-27', 4, 'Wankhede');
INSERT INTO Matches VALUES (74, 8, 6, '2020-02-03', 8, 'Rajiv Gandhi Intl');
INSERT INTO Matches VALUES (75, 2, 8, '2021-07-04', 2, 'Wankhede');
INSERT INTO Matches VALUES (76, 5, 3, '2023-09-08', 5, 'Eden Gardens');
INSERT INTO Matches VALUES (77, 7, 4, '2022-03-22', 4, 'Sawai Mansingh');
INSERT INTO Matches VALUES (78, 7, 8, '2020-06-05', 7, 'Sawai Mansingh');
INSERT INTO Matches VALUES (79, 4, 8, '2021-11-16', 8, 'Narendra Modi Stadium');
INSERT INTO Matches VALUES (80, 2, 7, '2021-05-30', 7, 'Wankhede');
INSERT INTO Matches VALUES (81, 3, 4, '2023-03-11', 3, 'Chinnaswamy');
INSERT INTO Matches VALUES (82, 2, 6, '2021-07-03', 6, 'Wankhede');
INSERT INTO Matches VALUES (83, 5, 3, '2023-06-28', 3, 'Eden Gardens');
INSERT INTO Matches VALUES (84, 7, 1, '2020-04-13', 1, 'Sawai Mansingh');
INSERT INTO Matches VALUES (85, 5, 3, '2021-11-30', 3, 'Eden Gardens');
INSERT INTO Matches VALUES (86, 4, 7, '2020-07-23', 7, 'Narendra Modi Stadium');
INSERT INTO Matches VALUES (87, 3, 4, '2020-08-09', 4, 'Chinnaswamy');
INSERT INTO Matches VALUES (88, 2, 1, '2021-12-07', 2, 'Wankhede');
INSERT INTO Matches VALUES (89, 7, 2, '2023-04-09', 7, 'Sawai Mansingh');
INSERT INTO Matches VALUES (90, 3, 8, '2022-09-05', 8, 'Chinnaswamy');
INSERT INTO Matches VALUES (91, 4, 1, '2020-02-19', 1, 'Narendra Modi Stadium');
INSERT INTO Matches VALUES (92, 3, 4, '2021-11-23', 4, 'Chinnaswamy');
INSERT INTO Matches VALUES (93, 6, 3, '2020-01-18', 6, 'Arun Jaitley Stadium');
INSERT INTO Matches VALUES (94, 6, 8, '2023-09-27', 6, 'Arun Jaitley Stadium');
INSERT INTO Matches VALUES (95, 4, 6, '2022-04-25', 4, 'Narendra Modi Stadium');
INSERT INTO Matches VALUES (96, 5, 2, '2022-07-21', 5, 'Eden Gardens');
INSERT INTO Matches VALUES (97, 7, 1, '2021-07-23', 7, 'Sawai Mansingh');
INSERT INTO Matches VALUES (98, 2, 6, '2023-04-12', 2, 'Wankhede');
INSERT INTO Matches VALUES (99, 4, 7, '2022-08-25', 4, 'Narendra Modi Stadium');
INSERT INTO Matches VALUES (100, 6, 2, '2023-03-20', 6, 'Arun Jaitley Stadium');

-- 3. LIBRARY MANAGEMENT SYSTEM
CREATE TABLE Books (id INTEGER PRIMARY KEY, title TEXT NOT NULL, author TEXT NOT NULL, category TEXT, isbn TEXT UNIQUE, copies_available INTEGER DEFAULT 1);
CREATE TABLE Members (id INTEGER PRIMARY KEY, name TEXT NOT NULL, email TEXT UNIQUE, membership_type TEXT);
CREATE TABLE Loans (id INTEGER PRIMARY KEY, book_id INTEGER, member_id INTEGER, loan_date DATE, return_date DATE, status TEXT, FOREIGN KEY (book_id) REFERENCES Books(id), FOREIGN KEY (member_id) REFERENCES Members(id));
INSERT INTO Books VALUES (1, 'Coding in Ananya', 'Saanvi Malhotra', 'Biography', '978-6382199862', 4);
INSERT INTO Books VALUES (2, 'Basic Diya', 'Arjun Iyer', 'Fiction', '978-2431209310', 7);
INSERT INTO Books VALUES (3, 'Journey to Pari', 'Anya Malhotra', 'Fantasy', '978-1285932212', 8);
INSERT INTO Books VALUES (4, 'Coding in Ananya', 'Diya Malhotra', 'Technology', '978-1775044578', 9);
INSERT INTO Books VALUES (5, 'The Art of Aditya', 'Ishaan Joshi', 'Fantasy', '978-6412146824', 7);
INSERT INTO Books VALUES (6, 'Mystery of Reyansh', 'Vihaan Kumar', 'Fantasy', '978-2607212526', 10);
INSERT INTO Books VALUES (7, 'Understanding Aarav', 'Anya Malhotra', 'Mystery', '978-2155603272', 8);
INSERT INTO Books VALUES (8, 'The Art of Aadhya', 'Ishaan Gupta', 'Philosophy', '978-7607534195', 4);
INSERT INTO Books VALUES (9, 'Mystery of Ayan', 'Meera Nair', 'Technology', '978-8636484098', 10);
INSERT INTO Books VALUES (10, 'Basic Anya', 'Sai Reddy', 'History', '978-3823849537', 1);
INSERT INTO Books VALUES (11, 'Journey to Aarav', 'Ayan Rao', 'Philosophy', '978-8411966840', 8);
INSERT INTO Books VALUES (12, 'Basic Pari', 'Ananya Kumar', 'Mystery', '978-4506800580', 10);
INSERT INTO Books VALUES (13, 'Coding in Sara', 'Myra Mehta', 'History', '978-3200632742', 6);
INSERT INTO Books VALUES (14, 'Life of Vihaan', 'Sai Malhotra', 'Technology', '978-5922711108', 10);
INSERT INTO Books VALUES (15, 'Basic Saanvi', 'Krishna Iyer', 'Philosophy', '978-4708257189', 10);
INSERT INTO Books VALUES (16, 'Coding in Ananya', 'Myra Verma', 'Philosophy', '978-2504462067', 4);
INSERT INTO Books VALUES (17, 'Mystery of Reyansh', 'Aditya Kumar', 'Science', '978-8596218403', 4);
INSERT INTO Books VALUES (18, 'The Art of Aarav', 'Saanvi Gupta', 'Technology', '978-8273326188', 7);
INSERT INTO Books VALUES (19, 'The Secrets of Aditya', 'Krishna Das', 'Biography', '978-8517467264', 3);
INSERT INTO Books VALUES (20, 'Coding in Meera', 'Ayan Joshi', 'Fiction', '978-5455812288', 8);
INSERT INTO Books VALUES (21, 'Journey to Sai', 'Anya Patel', 'Fantasy', '978-2279469385', 2);
INSERT INTO Books VALUES (22, 'Advanced Aarav', 'Diya Sharma', 'Science', '978-7952519627', 5);
INSERT INTO Books VALUES (23, 'The Secrets of Aadhya', 'Vihaan Rao', 'Science', '978-2925230675', 2);
INSERT INTO Books VALUES (24, 'History of Pari', 'Riya Rao', 'Technology', '978-7401226814', 6);
INSERT INTO Books VALUES (25, 'Coding in Aditya', 'Aadhya Nair', 'Philosophy', '978-2776350758', 4);
INSERT INTO Books VALUES (26, 'Understanding Vihaan', 'Myra Gupta', 'Science', '978-4308634860', 9);
INSERT INTO Books VALUES (27, 'Journey to Ishaan', 'Krishna Gupta', 'Biography', '978-8467547280', 3);
INSERT INTO Books VALUES (28, 'The Art of Vivaan', 'Aarav Das', 'Biography', '978-7017035441', 10);
INSERT INTO Books VALUES (29, 'The Secrets of Myra', 'Aditya Singh', 'Philosophy', '978-8695144808', 8);
INSERT INTO Books VALUES (30, 'Basic Ananya', 'Meera Kumar', 'Fantasy', '978-1934169446', 3);
INSERT INTO Books VALUES (31, 'Journey to Diya', 'Myra Sharma', 'Fiction', '978-9244566885', 6);
INSERT INTO Books VALUES (32, 'The Secrets of Ananya', 'Ishaan Iyer', 'Biography', '978-5133790839', 4);
INSERT INTO Books VALUES (33, 'Journey to Diya', 'Saanvi Joshi', 'Philosophy', '978-2696408716', 9);
INSERT INTO Books VALUES (34, 'Basic Sai', 'Meera Singh', 'Technology', '978-2340009121', 8);
INSERT INTO Books VALUES (35, 'Life of Saanvi', 'Aditya Malhotra', 'Biography', '978-6662836360', 7);
INSERT INTO Books VALUES (36, 'Life of Pari', 'Sara Malhotra', 'Technology', '978-4232828001', 3);
INSERT INTO Books VALUES (37, 'Advanced Aditya', 'Sai Mehta', 'Mystery', '978-5891489113', 8);
INSERT INTO Books VALUES (38, 'Mystery of Arjun', 'Myra Nair', 'Fantasy', '978-9923157413', 9);
INSERT INTO Books VALUES (39, 'Coding in Reyansh', 'Ishaan Das', 'Technology', '978-2788105294', 3);
INSERT INTO Books VALUES (40, 'Coding in Riya', 'Ayan Rao', 'Fantasy', '978-6355117622', 10);
INSERT INTO Books VALUES (41, 'History of Anya', 'Aarav Kumar', 'Technology', '978-2371112502', 10);
INSERT INTO Books VALUES (42, 'Advanced Ayan', 'Vivaan Iyer', 'Fantasy', '978-5993034005', 6);
INSERT INTO Books VALUES (43, 'Coding in Pari', 'Ayan Verma', 'Science', '978-8777621291', 10);
INSERT INTO Books VALUES (44, 'History of Saanvi', 'Aadhya Gupta', 'Fiction', '978-2192233717', 1);
INSERT INTO Books VALUES (45, 'The Secrets of Ayan', 'Sara Verma', 'History', '978-6395580352', 10);
INSERT INTO Books VALUES (46, 'Journey to Saanvi', 'Aadhya Nair', 'Technology', '978-1361349031', 8);
INSERT INTO Books VALUES (47, 'Basic Sara', 'Ananya Kumar', 'Philosophy', '978-8983391914', 3);
INSERT INTO Books VALUES (48, 'Life of Aditya', 'Arjun Rao', 'Fantasy', '978-7592491198', 10);
INSERT INTO Books VALUES (49, 'Coding in Sara', 'Pari Patel', 'Science', '978-2529440656', 7);
INSERT INTO Books VALUES (50, 'Advanced Vihaan', 'Sara Rao', 'Fantasy', '978-1601770616', 6);
INSERT INTO Books VALUES (51, 'Mystery of Diya', 'Krishna Verma', 'Technology', '978-2271670542', 6);
INSERT INTO Books VALUES (52, 'Coding in Meera', 'Aadhya Reddy', 'Fantasy', '978-5172471513', 3);
INSERT INTO Books VALUES (53, 'History of Ayan', 'Sai Mehta', 'Technology', '978-3278097073', 10);
INSERT INTO Books VALUES (54, 'Life of Aditya', 'Ananya Singh', 'Philosophy', '978-8426097027', 10);
INSERT INTO Books VALUES (55, 'Journey to Ananya', 'Vihaan Patel', 'Mystery', '978-1598643092', 1);
INSERT INTO Books VALUES (56, 'Coding in Aarav', 'Reyansh Kumar', 'Technology', '978-8976893984', 2);
INSERT INTO Books VALUES (57, 'Basic Reyansh', 'Aadhya Reddy', 'Philosophy', '978-9206230772', 7);
INSERT INTO Books VALUES (58, 'The Art of Myra', 'Ananya Malhotra', 'Biography', '978-4833093388', 5);
INSERT INTO Books VALUES (59, 'Coding in Sai', 'Ayan Rao', 'Mystery', '978-4250230438', 10);
INSERT INTO Books VALUES (60, 'Mystery of Diya', 'Ananya Gupta', 'Science', '978-5390031175', 7);
INSERT INTO Books VALUES (61, 'The Secrets of Saanvi', 'Vivaan Joshi', 'Biography', '978-2842292073', 4);
INSERT INTO Books VALUES (62, 'Understanding Aarav', 'Pari Sharma', 'Mystery', '978-2227077861', 1);
INSERT INTO Books VALUES (63, 'Mystery of Aarav', 'Aadhya Gupta', 'Science', '978-1556715161', 10);
INSERT INTO Books VALUES (64, 'Mystery of Ayan', 'Riya Gupta', 'History', '978-2680212636', 10);
INSERT INTO Books VALUES (65, 'Journey to Reyansh', 'Ananya Das', 'Biography', '978-3326466322', 2);
INSERT INTO Books VALUES (66, 'Mystery of Ananya', 'Arjun Kumar', 'Science', '978-1458354192', 1);
INSERT INTO Books VALUES (67, 'Basic Vivaan', 'Vihaan Patel', 'Fiction', '978-6245129536', 5);
INSERT INTO Books VALUES (68, 'Advanced Aadhya', 'Sai Kumar', 'Science', '978-1599360329', 3);
INSERT INTO Books VALUES (69, 'The Art of Ayan', 'Ayan Chopra', 'Biography', '978-8037610784', 4);
INSERT INTO Books VALUES (70, 'Journey to Ishaan', 'Saanvi Singh', 'Mystery', '978-1320139090', 9);
INSERT INTO Books VALUES (71, 'The Art of Meera', 'Vihaan Das', 'Technology', '978-3848081121', 8);
INSERT INTO Books VALUES (72, 'Life of Diya', 'Aarav Das', 'Philosophy', '978-4087689120', 4);
INSERT INTO Books VALUES (73, 'Understanding Meera', 'Anya Mehta', 'History', '978-9300810547', 5);
INSERT INTO Books VALUES (74, 'History of Ananya', 'Diya Kumar', 'Mystery', '978-5414326028', 4);
INSERT INTO Books VALUES (75, 'Coding in Ananya', 'Ishaan Reddy', 'History', '978-2481014419', 3);
INSERT INTO Books VALUES (76, 'The Secrets of Ananya', 'Sai Gupta', 'Mystery', '978-9375531356', 2);
INSERT INTO Books VALUES (77, 'Mystery of Ananya', 'Reyansh Reddy', 'Fiction', '978-4368935448', 4);
INSERT INTO Books VALUES (78, 'Coding in Ananya', 'Vivaan Gupta', 'Biography', '978-2391484308', 10);
INSERT INTO Books VALUES (79, 'Understanding Ishaan', 'Sai Mehta', 'History', '978-1475912361', 9);
INSERT INTO Books VALUES (80, 'History of Anya', 'Myra Mehta', 'Biography', '978-3854438355', 1);
INSERT INTO Books VALUES (81, 'Coding in Diya', 'Ishaan Gupta', 'Mystery', '978-7034866699', 3);
INSERT INTO Books VALUES (82, 'Mystery of Ishaan', 'Riya Das', 'History', '978-6989864375', 6);
INSERT INTO Books VALUES (83, 'The Art of Krishna', 'Krishna Kumar', 'Philosophy', '978-4416601181', 4);
INSERT INTO Books VALUES (84, 'Basic Aadhya', 'Aditya Iyer', 'History', '978-1201055954', 10);
INSERT INTO Books VALUES (85, 'The Art of Sara', 'Aditya Chopra', 'Philosophy', '978-3837912248', 8);
INSERT INTO Books VALUES (86, 'Mystery of Diya', 'Pari Joshi', 'History', '978-4268370392', 8);
INSERT INTO Books VALUES (87, 'Journey to Sara', 'Aarav Malhotra', 'Philosophy', '978-6710630317', 9);
INSERT INTO Books VALUES (88, 'Understanding Aditya', 'Meera Kumar', 'Fiction', '978-3030674536', 1);
INSERT INTO Books VALUES (89, 'Life of Saanvi', 'Ayan Nair', 'Mystery', '978-2529159261', 4);
INSERT INTO Books VALUES (90, 'Life of Anya', 'Riya Reddy', 'Science', '978-4846259547', 7);
INSERT INTO Books VALUES (91, 'History of Ayan', 'Vihaan Iyer', 'Science', '978-1266362577', 8);
INSERT INTO Books VALUES (92, 'Advanced Sara', 'Aarav Patel', 'Philosophy', '978-8088583410', 5);
INSERT INTO Books VALUES (93, 'Mystery of Arjun', 'Krishna Nair', 'Mystery', '978-4133147720', 8);
INSERT INTO Books VALUES (94, 'Advanced Ayan', 'Reyansh Kumar', 'Philosophy', '978-5936113408', 6);
INSERT INTO Books VALUES (95, 'Understanding Ananya', 'Meera Kumar', 'Fantasy', '978-2871316783', 4);
INSERT INTO Books VALUES (96, 'The Secrets of Krishna', 'Riya Gupta', 'Science', '978-7883254175', 4);
INSERT INTO Books VALUES (97, 'Coding in Anya', 'Anya Mehta', 'Science', '978-5044672242', 8);
INSERT INTO Books VALUES (98, 'Journey to Vihaan', 'Diya Verma', 'Philosophy', '978-9688248847', 3);
INSERT INTO Books VALUES (99, 'Basic Diya', 'Vivaan Singh', 'Mystery', '978-4542167708', 9);
INSERT INTO Books VALUES (100, 'Basic Ananya', 'Saanvi Chopra', 'Science', '978-8211272249', 8);
INSERT INTO Books VALUES (101, 'History of Ayan', 'Anya Gupta', 'Technology', '978-7294459239', 4);
INSERT INTO Books VALUES (102, 'Coding in Arjun', 'Saanvi Gupta', 'Biography', '978-8935822833', 3);
INSERT INTO Books VALUES (103, 'Coding in Aarav', 'Arjun Gupta', 'Fiction', '978-1355745779', 8);
INSERT INTO Books VALUES (104, 'The Art of Sara', 'Meera Joshi', 'Fiction', '978-1604820689', 8);
INSERT INTO Books VALUES (105, 'The Secrets of Ayan', 'Riya Patel', 'Technology', '978-7058921349', 9);
INSERT INTO Books VALUES (106, 'Journey to Pari', 'Diya Chopra', 'Biography', '978-6794623888', 1);
INSERT INTO Books VALUES (107, 'The Art of Sara', 'Myra Patel', 'Mystery', '978-5859291675', 3);
INSERT INTO Books VALUES (108, 'Life of Saanvi', 'Meera Verma', 'Fantasy', '978-4975830790', 8);
INSERT INTO Books VALUES (109, 'The Secrets of Vivaan', 'Riya Malhotra', 'Fantasy', '978-1228064201', 9);
INSERT INTO Books VALUES (110, 'History of Reyansh', 'Sai Gupta', 'Fiction', '978-5057165742', 6);
INSERT INTO Books VALUES (111, 'The Art of Diya', 'Meera Verma', 'History', '978-8853165710', 8);
INSERT INTO Books VALUES (112, 'Journey to Vivaan', 'Aditya Chopra', 'Fiction', '978-7783030877', 3);
INSERT INTO Books VALUES (113, 'Journey to Arjun', 'Anya Mehta', 'Fiction', '978-6761058643', 1);
INSERT INTO Books VALUES (114, 'Journey to Sara', 'Saanvi Chopra', 'Philosophy', '978-6346731705', 6);
INSERT INTO Books VALUES (115, 'Coding in Ananya', 'Aarav Iyer', 'Technology', '978-7775438384', 10);
INSERT INTO Books VALUES (116, 'Understanding Aditya', 'Anya Iyer', 'Biography', '978-8470855001', 3);
INSERT INTO Books VALUES (117, 'Advanced Krishna', 'Ishaan Gupta', 'Science', '978-1029880389', 7);
INSERT INTO Books VALUES (118, 'Life of Diya', 'Ananya Kumar', 'History', '978-9826998071', 4);
INSERT INTO Books VALUES (119, 'Mystery of Sai', 'Myra Reddy', 'Fiction', '978-4731527251', 4);
INSERT INTO Books VALUES (120, 'Journey to Aarav', 'Vivaan Patel', 'Biography', '978-7564339925', 7);
INSERT INTO Books VALUES (121, 'Mystery of Riya', 'Pari Verma', 'Fantasy', '978-9504791879', 7);
INSERT INTO Books VALUES (122, 'The Art of Krishna', 'Diya Rao', 'Mystery', '978-4497619821', 2);
INSERT INTO Books VALUES (123, 'Advanced Sai', 'Ananya Nair', 'Science', '978-3728989101', 6);
INSERT INTO Books VALUES (124, 'Basic Vihaan', 'Arjun Gupta', 'Fiction', '978-5769232341', 9);
INSERT INTO Books VALUES (125, 'Basic Diya', 'Sara Kumar', 'History', '978-7826932590', 1);
INSERT INTO Books VALUES (126, 'Understanding Ayan', 'Meera Das', 'Fantasy', '978-4310534757', 10);
INSERT INTO Books VALUES (127, 'Mystery of Pari', 'Ishaan Nair', 'Philosophy', '978-6982741917', 9);
INSERT INTO Books VALUES (128, 'Journey to Myra', 'Diya Singh', 'Biography', '978-9135119387', 3);
INSERT INTO Books VALUES (129, 'Advanced Pari', 'Aadhya Singh', 'Biography', '978-2554056390', 1);
INSERT INTO Books VALUES (130, 'Understanding Ananya', 'Anya Das', 'Technology', '978-4230604644', 1);
INSERT INTO Books VALUES (131, 'Basic Krishna', 'Ayan Chopra', 'Technology', '978-7184033473', 2);
INSERT INTO Books VALUES (132, 'Coding in Meera', 'Ananya Kumar', 'Philosophy', '978-9702283537', 7);
INSERT INTO Books VALUES (133, 'Life of Riya', 'Aditya Das', 'Biography', '978-9883529837', 7);
INSERT INTO Books VALUES (134, 'Advanced Myra', 'Krishna Patel', 'Technology', '978-1703315047', 7);
INSERT INTO Books VALUES (135, 'Understanding Sara', 'Vivaan Patel', 'Biography', '978-3331606695', 6);
INSERT INTO Books VALUES (136, 'Journey to Meera', 'Vivaan Kumar', 'Biography', '978-4456171919', 9);
INSERT INTO Books VALUES (137, 'The Secrets of Myra', 'Anya Gupta', 'Technology', '978-3006756405', 7);
INSERT INTO Books VALUES (138, 'The Secrets of Vihaan', 'Meera Nair', 'Mystery', '978-7055652111', 5);
INSERT INTO Books VALUES (139, 'Understanding Ayan', 'Aarav Malhotra', 'Mystery', '978-2891655252', 7);
INSERT INTO Books VALUES (140, 'Advanced Arjun', 'Aditya Verma', 'Philosophy', '978-8769658235', 4);
INSERT INTO Books VALUES (141, 'The Art of Vihaan', 'Pari Verma', 'Technology', '978-2449542331', 1);
INSERT INTO Books VALUES (142, 'Advanced Aadhya', 'Aarav Rao', 'Science', '978-8512761067', 5);
INSERT INTO Books VALUES (143, 'Coding in Sara', 'Vivaan Reddy', 'Science', '978-4978500940', 2);
INSERT INTO Books VALUES (144, 'Coding in Sai', 'Vihaan Chopra', 'Mystery', '978-6911868633', 1);
INSERT INTO Books VALUES (145, 'Basic Aarav', 'Meera Singh', 'Technology', '978-5884270677', 3);
INSERT INTO Books VALUES (146, 'Understanding Reyansh', 'Arjun Rao', 'Philosophy', '978-2817934272', 5);
INSERT INTO Books VALUES (147, 'The Art of Ananya', 'Vihaan Nair', 'Science', '978-7356889675', 2);
INSERT INTO Books VALUES (148, 'Journey to Krishna', 'Aditya Mehta', 'Mystery', '978-3013005781', 7);
INSERT INTO Books VALUES (149, 'Understanding Aadhya', 'Anya Gupta', 'Technology', '978-7947289719', 7);
INSERT INTO Books VALUES (150, 'The Secrets of Riya', 'Aadhya Rao', 'Philosophy', '978-8549830772', 5);
INSERT INTO Members VALUES (1, 'Anya Kumar', 'Anya1@lib.com', 'Standard');
INSERT INTO Members VALUES (2, 'Sai Chopra', 'Sai2@lib.com', 'Professional');
INSERT INTO Members VALUES (3, 'Sara Verma', 'Sara3@lib.com', 'Professional');
INSERT INTO Members VALUES (4, 'Sara Mehta', 'Sara4@lib.com', 'Professional');
INSERT INTO Members VALUES (5, 'Arjun Kumar', 'Arjun5@lib.com', 'Professional');
INSERT INTO Members VALUES (6, 'Ishaan Das', 'Ishaan6@lib.com', 'Standard');
INSERT INTO Members VALUES (7, 'Sara Verma', 'Sara7@lib.com', 'Standard');
INSERT INTO Members VALUES (8, 'Vihaan Iyer', 'Vihaan8@lib.com', 'Student');
INSERT INTO Members VALUES (9, 'Sara Malhotra', 'Sara9@lib.com', 'Premium');
INSERT INTO Members VALUES (10, 'Ishaan Nair', 'Ishaan10@lib.com', 'Premium');
INSERT INTO Members VALUES (11, 'Myra Singh', 'Myra11@lib.com', 'Premium');
INSERT INTO Members VALUES (12, 'Aarav Mehta', 'Aarav12@lib.com', 'Standard');
INSERT INTO Members VALUES (13, 'Riya Reddy', 'Riya13@lib.com', 'Student');
INSERT INTO Members VALUES (14, 'Saanvi Sharma', 'Saanvi14@lib.com', 'Standard');
INSERT INTO Members VALUES (15, 'Aadhya Patel', 'Aadhya15@lib.com', 'Student');
INSERT INTO Members VALUES (16, 'Krishna Das', 'Krishna16@lib.com', 'Premium');
INSERT INTO Members VALUES (17, 'Ananya Sharma', 'Ananya17@lib.com', 'Standard');
INSERT INTO Members VALUES (18, 'Saanvi Patel', 'Saanvi18@lib.com', 'Standard');
INSERT INTO Members VALUES (19, 'Saanvi Kumar', 'Saanvi19@lib.com', 'Student');
INSERT INTO Members VALUES (20, 'Vivaan Sharma', 'Vivaan20@lib.com', 'Premium');
INSERT INTO Members VALUES (21, 'Vivaan Joshi', 'Vivaan21@lib.com', 'Premium');
INSERT INTO Members VALUES (22, 'Riya Rao', 'Riya22@lib.com', 'Premium');
INSERT INTO Members VALUES (23, 'Ananya Chopra', 'Ananya23@lib.com', 'Standard');
INSERT INTO Members VALUES (24, 'Vihaan Nair', 'Vihaan24@lib.com', 'Premium');
INSERT INTO Members VALUES (25, 'Meera Chopra', 'Meera25@lib.com', 'Standard');
INSERT INTO Members VALUES (26, 'Sai Rao', 'Sai26@lib.com', 'Premium');
INSERT INTO Members VALUES (27, 'Sai Verma', 'Sai27@lib.com', 'Premium');
INSERT INTO Members VALUES (28, 'Ananya Reddy', 'Ananya28@lib.com', 'Student');
INSERT INTO Members VALUES (29, 'Anya Verma', 'Anya29@lib.com', 'Premium');
INSERT INTO Members VALUES (30, 'Arjun Joshi', 'Arjun30@lib.com', 'Student');
INSERT INTO Members VALUES (31, 'Meera Patel', 'Meera31@lib.com', 'Standard');
INSERT INTO Members VALUES (32, 'Saanvi Joshi', 'Saanvi32@lib.com', 'Standard');
INSERT INTO Members VALUES (33, 'Sara Das', 'Sara33@lib.com', 'Premium');
INSERT INTO Members VALUES (34, 'Krishna Gupta', 'Krishna34@lib.com', 'Premium');
INSERT INTO Members VALUES (35, 'Arjun Iyer', 'Arjun35@lib.com', 'Standard');
INSERT INTO Members VALUES (36, 'Diya Kumar', 'Diya36@lib.com', 'Standard');
INSERT INTO Members VALUES (37, 'Vivaan Patel', 'Vivaan37@lib.com', 'Standard');
INSERT INTO Members VALUES (38, 'Arjun Rao', 'Arjun38@lib.com', 'Standard');
INSERT INTO Members VALUES (39, 'Aditya Rao', 'Aditya39@lib.com', 'Premium');
INSERT INTO Members VALUES (40, 'Ananya Patel', 'Ananya40@lib.com', 'Professional');
INSERT INTO Members VALUES (41, 'Saanvi Reddy', 'Saanvi41@lib.com', 'Professional');
INSERT INTO Members VALUES (42, 'Diya Sharma', 'Diya42@lib.com', 'Student');
INSERT INTO Members VALUES (43, 'Vihaan Singh', 'Vihaan43@lib.com', 'Premium');
INSERT INTO Members VALUES (44, 'Saanvi Gupta', 'Saanvi44@lib.com', 'Premium');
INSERT INTO Members VALUES (45, 'Sai Singh', 'Sai45@lib.com', 'Student');
INSERT INTO Members VALUES (46, 'Meera Iyer', 'Meera46@lib.com', 'Standard');
INSERT INTO Members VALUES (47, 'Vivaan Kumar', 'Vivaan47@lib.com', 'Student');
INSERT INTO Members VALUES (48, 'Saanvi Gupta', 'Saanvi48@lib.com', 'Premium');
INSERT INTO Members VALUES (49, 'Ayan Verma', 'Ayan49@lib.com', 'Standard');
INSERT INTO Members VALUES (50, 'Ayan Nair', 'Ayan50@lib.com', 'Professional');
INSERT INTO Members VALUES (51, 'Vihaan Sharma', 'Vihaan51@lib.com', 'Standard');
INSERT INTO Members VALUES (52, 'Ayan Verma', 'Ayan52@lib.com', 'Professional');
INSERT INTO Members VALUES (53, 'Aarav Gupta', 'Aarav53@lib.com', 'Standard');
INSERT INTO Members VALUES (54, 'Aadhya Patel', 'Aadhya54@lib.com', 'Standard');
INSERT INTO Members VALUES (55, 'Krishna Verma', 'Krishna55@lib.com', 'Student');
INSERT INTO Members VALUES (56, 'Saanvi Mehta', 'Saanvi56@lib.com', 'Professional');
INSERT INTO Members VALUES (57, 'Vivaan Reddy', 'Vivaan57@lib.com', 'Standard');
INSERT INTO Members VALUES (58, 'Riya Verma', 'Riya58@lib.com', 'Professional');
INSERT INTO Members VALUES (59, 'Ishaan Chopra', 'Ishaan59@lib.com', 'Premium');
INSERT INTO Members VALUES (60, 'Sai Verma', 'Sai60@lib.com', 'Standard');
INSERT INTO Members VALUES (61, 'Diya Joshi', 'Diya61@lib.com', 'Student');
INSERT INTO Members VALUES (62, 'Vihaan Patel', 'Vihaan62@lib.com', 'Premium');
INSERT INTO Members VALUES (63, 'Sai Das', 'Sai63@lib.com', 'Standard');
INSERT INTO Members VALUES (64, 'Pari Nair', 'Pari64@lib.com', 'Premium');
INSERT INTO Members VALUES (65, 'Anya Nair', 'Anya65@lib.com', 'Premium');
INSERT INTO Members VALUES (66, 'Vihaan Mehta', 'Vihaan66@lib.com', 'Standard');
INSERT INTO Members VALUES (67, 'Aadhya Gupta', 'Aadhya67@lib.com', 'Professional');
INSERT INTO Members VALUES (68, 'Ishaan Mehta', 'Ishaan68@lib.com', 'Premium');
INSERT INTO Members VALUES (69, 'Ananya Reddy', 'Ananya69@lib.com', 'Standard');
INSERT INTO Members VALUES (70, 'Aarav Joshi', 'Aarav70@lib.com', 'Student');
INSERT INTO Members VALUES (71, 'Reyansh Reddy', 'Reyansh71@lib.com', 'Standard');
INSERT INTO Members VALUES (72, 'Vihaan Das', 'Vihaan72@lib.com', 'Student');
INSERT INTO Members VALUES (73, 'Arjun Das', 'Arjun73@lib.com', 'Professional');
INSERT INTO Members VALUES (74, 'Ayan Patel', 'Ayan74@lib.com', 'Standard');
INSERT INTO Members VALUES (75, 'Meera Sharma', 'Meera75@lib.com', 'Premium');
INSERT INTO Members VALUES (76, 'Aditya Gupta', 'Aditya76@lib.com', 'Student');
INSERT INTO Members VALUES (77, 'Reyansh Das', 'Reyansh77@lib.com', 'Premium');
INSERT INTO Members VALUES (78, 'Aarav Mehta', 'Aarav78@lib.com', 'Professional');
INSERT INTO Members VALUES (79, 'Aarav Mehta', 'Aarav79@lib.com', 'Student');
INSERT INTO Members VALUES (80, 'Pari Mehta', 'Pari80@lib.com', 'Professional');
INSERT INTO Members VALUES (81, 'Aarav Sharma', 'Aarav81@lib.com', 'Standard');
INSERT INTO Members VALUES (82, 'Sai Nair', 'Sai82@lib.com', 'Student');
INSERT INTO Members VALUES (83, 'Vivaan Chopra', 'Vivaan83@lib.com', 'Professional');
INSERT INTO Members VALUES (84, 'Aditya Mehta', 'Aditya84@lib.com', 'Standard');
INSERT INTO Members VALUES (85, 'Sai Reddy', 'Sai85@lib.com', 'Professional');
INSERT INTO Members VALUES (86, 'Sara Sharma', 'Sara86@lib.com', 'Student');
INSERT INTO Members VALUES (87, 'Ananya Singh', 'Ananya87@lib.com', 'Student');
INSERT INTO Members VALUES (88, 'Aditya Patel', 'Aditya88@lib.com', 'Standard');
INSERT INTO Members VALUES (89, 'Vivaan Reddy', 'Vivaan89@lib.com', 'Standard');
INSERT INTO Members VALUES (90, 'Aadhya Iyer', 'Aadhya90@lib.com', 'Professional');
INSERT INTO Members VALUES (91, 'Anya Singh', 'Anya91@lib.com', 'Standard');
INSERT INTO Members VALUES (92, 'Saanvi Malhotra', 'Saanvi92@lib.com', 'Premium');
INSERT INTO Members VALUES (93, 'Meera Patel', 'Meera93@lib.com', 'Standard');
INSERT INTO Members VALUES (94, 'Arjun Chopra', 'Arjun94@lib.com', 'Premium');
INSERT INTO Members VALUES (95, 'Meera Das', 'Meera95@lib.com', 'Standard');
INSERT INTO Members VALUES (96, 'Ayan Reddy', 'Ayan96@lib.com', 'Premium');
INSERT INTO Members VALUES (97, 'Diya Singh', 'Diya97@lib.com', 'Professional');
INSERT INTO Members VALUES (98, 'Pari Singh', 'Pari98@lib.com', 'Premium');
INSERT INTO Members VALUES (99, 'Krishna Patel', 'Krishna99@lib.com', 'Professional');
INSERT INTO Members VALUES (100, 'Sai Gupta', 'Sai100@lib.com', 'Professional');
INSERT INTO Members VALUES (101, 'Riya Das', 'Riya101@lib.com', 'Student');
INSERT INTO Members VALUES (102, 'Aadhya Mehta', 'Aadhya102@lib.com', 'Professional');
INSERT INTO Members VALUES (103, 'Aditya Singh', 'Aditya103@lib.com', 'Student');
INSERT INTO Members VALUES (104, 'Sara Singh', 'Sara104@lib.com', 'Student');
INSERT INTO Members VALUES (105, 'Vihaan Rao', 'Vihaan105@lib.com', 'Professional');
INSERT INTO Members VALUES (106, 'Aditya Singh', 'Aditya106@lib.com', 'Standard');
INSERT INTO Members VALUES (107, 'Myra Gupta', 'Myra107@lib.com', 'Premium');
INSERT INTO Members VALUES (108, 'Saanvi Joshi', 'Saanvi108@lib.com', 'Premium');
INSERT INTO Members VALUES (109, 'Myra Reddy', 'Myra109@lib.com', 'Student');
INSERT INTO Members VALUES (110, 'Ayan Iyer', 'Ayan110@lib.com', 'Professional');
INSERT INTO Members VALUES (111, 'Riya Patel', 'Riya111@lib.com', 'Professional');
INSERT INTO Members VALUES (112, 'Aarav Verma', 'Aarav112@lib.com', 'Premium');
INSERT INTO Members VALUES (113, 'Meera Chopra', 'Meera113@lib.com', 'Professional');
INSERT INTO Members VALUES (114, 'Pari Patel', 'Pari114@lib.com', 'Student');
INSERT INTO Members VALUES (115, 'Sai Sharma', 'Sai115@lib.com', 'Student');
INSERT INTO Members VALUES (116, 'Myra Chopra', 'Myra116@lib.com', 'Standard');
INSERT INTO Members VALUES (117, 'Riya Iyer', 'Riya117@lib.com', 'Student');
INSERT INTO Members VALUES (118, 'Aditya Chopra', 'Aditya118@lib.com', 'Student');
INSERT INTO Members VALUES (119, 'Aarav Joshi', 'Aarav119@lib.com', 'Student');
INSERT INTO Members VALUES (120, 'Aarav Joshi', 'Aarav120@lib.com', 'Professional');
INSERT INTO Loans VALUES (1, 64, 67, '2023-06-13', NULL, 'Borrowed');
INSERT INTO Loans VALUES (2, 125, 1, '2023-07-28', '2023-08-11', 'Returned');
INSERT INTO Loans VALUES (3, 48, 23, '2023-07-17', '2023-07-31', 'Returned');
INSERT INTO Loans VALUES (4, 87, 49, '2023-06-07', NULL, 'Borrowed');
INSERT INTO Loans VALUES (5, 120, 120, '2023-03-18', NULL, 'Borrowed');
INSERT INTO Loans VALUES (6, 127, 86, '2023-10-03', NULL, 'Borrowed');
INSERT INTO Loans VALUES (7, 134, 42, '2023-04-26', '2023-05-10', 'Returned');
INSERT INTO Loans VALUES (8, 77, 74, '2023-11-19', '2023-12-03', 'Returned');
INSERT INTO Loans VALUES (9, 93, 33, '2023-07-07', '2023-07-21', 'Returned');
INSERT INTO Loans VALUES (10, 53, 37, '2023-06-23', '2023-07-07', 'Returned');
INSERT INTO Loans VALUES (11, 24, 116, '2023-07-20', NULL, 'Borrowed');
INSERT INTO Loans VALUES (12, 21, 7, '2023-01-15', NULL, 'Borrowed');
INSERT INTO Loans VALUES (13, 58, 79, '2023-07-07', NULL, 'Borrowed');
INSERT INTO Loans VALUES (14, 78, 30, '2023-01-20', '2023-02-03', 'Returned');
INSERT INTO Loans VALUES (15, 109, 89, '2023-01-26', '2023-02-09', 'Returned');
INSERT INTO Loans VALUES (16, 119, 23, '2023-06-01', '2023-06-15', 'Returned');
INSERT INTO Loans VALUES (17, 14, 105, '2023-03-22', '2023-04-05', 'Returned');
INSERT INTO Loans VALUES (18, 79, 15, '2023-07-20', NULL, 'Borrowed');
INSERT INTO Loans VALUES (19, 91, 70, '2023-05-04', NULL, 'Borrowed');
INSERT INTO Loans VALUES (20, 114, 50, '2023-01-17', NULL, 'Borrowed');
INSERT INTO Loans VALUES (21, 143, 114, '2023-09-09', '2023-09-23', 'Returned');
INSERT INTO Loans VALUES (22, 14, 75, '2023-09-20', NULL, 'Borrowed');
INSERT INTO Loans VALUES (23, 1, 118, '2023-10-04', NULL, 'Borrowed');
INSERT INTO Loans VALUES (24, 122, 4, '2023-12-10', NULL, 'Borrowed');
INSERT INTO Loans VALUES (25, 10, 30, '2023-04-23', '2023-05-07', 'Returned');
INSERT INTO Loans VALUES (26, 16, 48, '2023-09-27', NULL, 'Borrowed');
INSERT INTO Loans VALUES (27, 62, 60, '2023-06-21', '2023-07-05', 'Returned');
INSERT INTO Loans VALUES (28, 7, 106, '2023-10-03', NULL, 'Borrowed');
INSERT INTO Loans VALUES (29, 112, 18, '2023-02-10', '2023-02-24', 'Returned');
INSERT INTO Loans VALUES (30, 63, 22, '2023-10-01', NULL, 'Borrowed');
INSERT INTO Loans VALUES (31, 10, 81, '2023-01-20', NULL, 'Borrowed');
INSERT INTO Loans VALUES (32, 98, 32, '2023-12-02', NULL, 'Borrowed');
INSERT INTO Loans VALUES (33, 68, 85, '2023-11-25', NULL, 'Borrowed');
INSERT INTO Loans VALUES (34, 40, 6, '2023-10-20', NULL, 'Borrowed');
INSERT INTO Loans VALUES (35, 59, 92, '2023-02-03', NULL, 'Borrowed');
INSERT INTO Loans VALUES (36, 120, 24, '2023-07-27', '2023-08-10', 'Returned');
INSERT INTO Loans VALUES (37, 41, 120, '2023-06-15', '2023-06-29', 'Returned');
INSERT INTO Loans VALUES (38, 98, 24, '2023-05-06', '2023-05-20', 'Returned');
INSERT INTO Loans VALUES (39, 33, 62, '2023-05-24', NULL, 'Borrowed');
INSERT INTO Loans VALUES (40, 46, 63, '2023-05-15', NULL, 'Borrowed');
INSERT INTO Loans VALUES (41, 65, 109, '2023-05-09', NULL, 'Borrowed');
INSERT INTO Loans VALUES (42, 37, 26, '2023-04-27', '2023-05-11', 'Returned');
INSERT INTO Loans VALUES (43, 93, 60, '2023-04-24', NULL, 'Borrowed');
INSERT INTO Loans VALUES (44, 63, 119, '2023-04-26', NULL, 'Borrowed');
INSERT INTO Loans VALUES (45, 133, 30, '2023-12-16', NULL, 'Borrowed');
INSERT INTO Loans VALUES (46, 107, 15, '2023-06-06', NULL, 'Borrowed');
INSERT INTO Loans VALUES (47, 20, 1, '2023-05-02', '2023-05-16', 'Returned');
INSERT INTO Loans VALUES (48, 11, 66, '2023-08-29', '2023-09-12', 'Returned');
INSERT INTO Loans VALUES (49, 47, 99, '2023-09-23', '2023-10-07', 'Returned');
INSERT INTO Loans VALUES (50, 61, 112, '2023-10-18', '2023-11-01', 'Returned');
INSERT INTO Loans VALUES (51, 58, 41, '2023-01-22', '2023-02-05', 'Returned');
INSERT INTO Loans VALUES (52, 136, 6, '2023-06-18', '2023-07-02', 'Returned');
INSERT INTO Loans VALUES (53, 131, 104, '2023-02-13', '2023-02-27', 'Returned');
INSERT INTO Loans VALUES (54, 39, 57, '2023-01-17', NULL, 'Borrowed');
INSERT INTO Loans VALUES (55, 28, 2, '2023-07-04', NULL, 'Borrowed');
INSERT INTO Loans VALUES (56, 60, 111, '2023-01-05', '2023-01-19', 'Returned');
INSERT INTO Loans VALUES (57, 74, 77, '2023-04-12', '2023-04-26', 'Returned');
INSERT INTO Loans VALUES (58, 81, 48, '2023-03-29', NULL, 'Borrowed');
INSERT INTO Loans VALUES (59, 29, 111, '2023-05-04', NULL, 'Borrowed');
INSERT INTO Loans VALUES (60, 32, 51, '2023-12-23', NULL, 'Borrowed');
INSERT INTO Loans VALUES (61, 111, 68, '2023-02-12', NULL, 'Borrowed');
INSERT INTO Loans VALUES (62, 47, 79, '2023-10-30', '2023-11-13', 'Returned');
INSERT INTO Loans VALUES (63, 76, 62, '2023-01-20', '2023-02-03', 'Returned');
INSERT INTO Loans VALUES (64, 106, 37, '2023-05-22', NULL, 'Borrowed');
INSERT INTO Loans VALUES (65, 48, 24, '2023-06-14', NULL, 'Borrowed');
INSERT INTO Loans VALUES (66, 82, 18, '2023-04-20', '2023-05-04', 'Returned');
INSERT INTO Loans VALUES (67, 140, 114, '2023-08-29', '2023-09-12', 'Returned');
INSERT INTO Loans VALUES (68, 48, 98, '2023-12-17', '2023-12-31', 'Returned');
INSERT INTO Loans VALUES (69, 53, 73, '2023-10-04', NULL, 'Borrowed');
INSERT INTO Loans VALUES (70, 78, 27, '2023-03-05', NULL, 'Borrowed');
INSERT INTO Loans VALUES (71, 80, 73, '2023-12-11', '2023-12-25', 'Returned');
INSERT INTO Loans VALUES (72, 66, 89, '2023-05-10', '2023-05-24', 'Returned');
INSERT INTO Loans VALUES (73, 65, 77, '2023-01-10', NULL, 'Borrowed');
INSERT INTO Loans VALUES (74, 122, 22, '2023-04-27', NULL, 'Borrowed');
INSERT INTO Loans VALUES (75, 144, 89, '2023-10-08', '2023-10-22', 'Returned');
INSERT INTO Loans VALUES (76, 19, 101, '2023-09-24', NULL, 'Borrowed');
INSERT INTO Loans VALUES (77, 117, 12, '2023-07-09', '2023-07-23', 'Returned');
INSERT INTO Loans VALUES (78, 13, 12, '2023-12-17', NULL, 'Borrowed');
INSERT INTO Loans VALUES (79, 147, 102, '2023-06-01', '2023-06-15', 'Returned');
INSERT INTO Loans VALUES (80, 130, 53, '2023-01-14', '2023-01-28', 'Returned');
INSERT INTO Loans VALUES (81, 60, 78, '2023-10-21', '2023-11-04', 'Returned');
INSERT INTO Loans VALUES (82, 5, 89, '2023-06-24', NULL, 'Borrowed');
INSERT INTO Loans VALUES (83, 135, 94, '2023-01-23', NULL, 'Borrowed');
INSERT INTO Loans VALUES (84, 3, 109, '2023-02-01', NULL, 'Borrowed');
INSERT INTO Loans VALUES (85, 60, 40, '2023-04-05', NULL, 'Borrowed');
INSERT INTO Loans VALUES (86, 140, 38, '2023-06-04', '2023-06-18', 'Returned');
INSERT INTO Loans VALUES (87, 18, 7, '2023-11-28', NULL, 'Borrowed');
INSERT INTO Loans VALUES (88, 89, 96, '2023-11-21', '2023-12-05', 'Returned');
INSERT INTO Loans VALUES (89, 74, 34, '2023-12-17', '2023-12-31', 'Returned');
INSERT INTO Loans VALUES (90, 138, 35, '2023-03-21', NULL, 'Borrowed');
INSERT INTO Loans VALUES (91, 30, 99, '2023-07-11', NULL, 'Borrowed');
INSERT INTO Loans VALUES (92, 138, 63, '2023-09-26', '2023-10-10', 'Returned');
INSERT INTO Loans VALUES (93, 37, 1, '2023-11-04', NULL, 'Borrowed');
INSERT INTO Loans VALUES (94, 3, 26, '2023-03-09', NULL, 'Borrowed');
INSERT INTO Loans VALUES (95, 80, 64, '2023-07-12', '2023-07-26', 'Returned');
INSERT INTO Loans VALUES (96, 42, 36, '2023-03-03', NULL, 'Borrowed');
INSERT INTO Loans VALUES (97, 19, 95, '2023-07-04', '2023-07-18', 'Returned');
INSERT INTO Loans VALUES (98, 128, 69, '2023-07-13', NULL, 'Borrowed');
INSERT INTO Loans VALUES (99, 94, 35, '2023-08-11', '2023-08-25', 'Returned');
INSERT INTO Loans VALUES (100, 123, 90, '2023-07-01', NULL, 'Borrowed');
INSERT INTO Loans VALUES (101, 116, 49, '2023-04-14', NULL, 'Borrowed');
INSERT INTO Loans VALUES (102, 123, 109, '2023-02-27', '2023-03-13', 'Returned');
INSERT INTO Loans VALUES (103, 91, 64, '2023-11-20', '2023-12-04', 'Returned');
INSERT INTO Loans VALUES (104, 97, 24, '2023-06-22', '2023-07-06', 'Returned');
INSERT INTO Loans VALUES (105, 99, 75, '2023-11-24', '2023-12-08', 'Returned');
INSERT INTO Loans VALUES (106, 140, 52, '2023-06-26', NULL, 'Borrowed');
INSERT INTO Loans VALUES (107, 29, 64, '2023-01-17', NULL, 'Borrowed');
INSERT INTO Loans VALUES (108, 76, 52, '2023-09-03', '2023-09-17', 'Returned');
INSERT INTO Loans VALUES (109, 7, 91, '2023-01-13', NULL, 'Borrowed');
INSERT INTO Loans VALUES (110, 142, 83, '2023-11-04', '2023-11-18', 'Returned');
INSERT INTO Loans VALUES (111, 55, 40, '2023-06-20', '2023-07-04', 'Returned');
INSERT INTO Loans VALUES (112, 95, 71, '2023-02-14', '2023-02-28', 'Returned');
INSERT INTO Loans VALUES (113, 27, 25, '2023-05-04', '2023-05-18', 'Returned');
INSERT INTO Loans VALUES (114, 84, 70, '2023-09-24', '2023-10-08', 'Returned');
INSERT INTO Loans VALUES (115, 42, 65, '2023-12-31', '2024-01-14', 'Returned');
INSERT INTO Loans VALUES (116, 69, 41, '2023-02-10', NULL, 'Borrowed');
INSERT INTO Loans VALUES (117, 16, 74, '2023-04-06', NULL, 'Borrowed');
INSERT INTO Loans VALUES (118, 49, 98, '2023-11-10', '2023-11-24', 'Returned');
INSERT INTO Loans VALUES (119, 35, 106, '2023-01-27', NULL, 'Borrowed');
INSERT INTO Loans VALUES (120, 14, 83, '2023-11-09', '2023-11-23', 'Returned');
INSERT INTO Loans VALUES (121, 3, 101, '2023-08-17', '2023-08-31', 'Returned');
INSERT INTO Loans VALUES (122, 91, 98, '2023-11-29', '2023-12-13', 'Returned');
INSERT INTO Loans VALUES (123, 87, 83, '2023-12-01', NULL, 'Borrowed');
INSERT INTO Loans VALUES (124, 78, 56, '2023-06-11', '2023-06-25', 'Returned');
INSERT INTO Loans VALUES (125, 116, 21, '2023-04-27', '2023-05-11', 'Returned');
INSERT INTO Loans VALUES (126, 5, 82, '2023-06-05', NULL, 'Borrowed');
INSERT INTO Loans VALUES (127, 63, 67, '2023-10-23', NULL, 'Borrowed');
INSERT INTO Loans VALUES (128, 36, 38, '2023-05-28', NULL, 'Borrowed');
INSERT INTO Loans VALUES (129, 1, 52, '2023-06-28', NULL, 'Borrowed');
INSERT INTO Loans VALUES (130, 77, 102, '2023-08-13', NULL, 'Borrowed');
INSERT INTO Loans VALUES (131, 26, 11, '2023-11-23', NULL, 'Borrowed');
INSERT INTO Loans VALUES (132, 4, 5, '2023-08-20', NULL, 'Borrowed');
INSERT INTO Loans VALUES (133, 28, 73, '2023-04-01', '2023-04-15', 'Returned');
INSERT INTO Loans VALUES (134, 79, 24, '2023-11-14', NULL, 'Borrowed');
INSERT INTO Loans VALUES (135, 98, 81, '2023-06-04', '2023-06-18', 'Returned');
INSERT INTO Loans VALUES (136, 146, 63, '2023-08-14', NULL, 'Borrowed');
INSERT INTO Loans VALUES (137, 100, 55, '2023-05-02', NULL, 'Borrowed');
INSERT INTO Loans VALUES (138, 130, 98, '2023-01-19', NULL, 'Borrowed');
INSERT INTO Loans VALUES (139, 20, 17, '2023-08-12', '2023-08-26', 'Returned');
INSERT INTO Loans VALUES (140, 9, 45, '2023-05-08', '2023-05-22', 'Returned');
INSERT INTO Loans VALUES (141, 77, 110, '2023-03-24', NULL, 'Borrowed');
INSERT INTO Loans VALUES (142, 95, 53, '2023-07-04', NULL, 'Borrowed');
INSERT INTO Loans VALUES (143, 52, 106, '2023-03-02', '2023-03-16', 'Returned');
INSERT INTO Loans VALUES (144, 145, 36, '2023-08-01', '2023-08-15', 'Returned');
INSERT INTO Loans VALUES (145, 85, 101, '2023-07-29', '2023-08-12', 'Returned');
INSERT INTO Loans VALUES (146, 7, 48, '2023-12-19', '2024-01-02', 'Returned');
INSERT INTO Loans VALUES (147, 97, 100, '2023-10-22', NULL, 'Borrowed');
INSERT INTO Loans VALUES (148, 65, 5, '2023-11-14', NULL, 'Borrowed');
INSERT INTO Loans VALUES (149, 67, 84, '2023-05-04', '2023-05-18', 'Returned');
INSERT INTO Loans VALUES (150, 66, 59, '2023-02-13', NULL, 'Borrowed');
INSERT INTO Loans VALUES (151, 35, 91, '2023-12-30', '2024-01-13', 'Returned');
INSERT INTO Loans VALUES (152, 51, 117, '2023-04-30', '2023-05-14', 'Returned');
INSERT INTO Loans VALUES (153, 53, 99, '2023-10-13', NULL, 'Borrowed');
INSERT INTO Loans VALUES (154, 4, 41, '2023-07-04', '2023-07-18', 'Returned');
INSERT INTO Loans VALUES (155, 59, 93, '2023-10-04', NULL, 'Borrowed');
INSERT INTO Loans VALUES (156, 86, 42, '2023-02-15', '2023-03-01', 'Returned');
INSERT INTO Loans VALUES (157, 98, 55, '2023-02-09', '2023-02-23', 'Returned');
INSERT INTO Loans VALUES (158, 63, 10, '2023-11-04', '2023-11-18', 'Returned');
INSERT INTO Loans VALUES (159, 17, 107, '2023-06-07', '2023-06-21', 'Returned');
INSERT INTO Loans VALUES (160, 49, 55, '2023-03-10', '2023-03-24', 'Returned');
INSERT INTO Loans VALUES (161, 92, 41, '2023-03-07', NULL, 'Borrowed');
INSERT INTO Loans VALUES (162, 58, 29, '2023-07-25', '2023-08-08', 'Returned');
INSERT INTO Loans VALUES (163, 108, 99, '2023-03-06', NULL, 'Borrowed');
INSERT INTO Loans VALUES (164, 61, 2, '2023-02-18', '2023-03-04', 'Returned');
INSERT INTO Loans VALUES (165, 69, 32, '2023-11-23', NULL, 'Borrowed');
INSERT INTO Loans VALUES (166, 70, 6, '2023-04-04', NULL, 'Borrowed');
INSERT INTO Loans VALUES (167, 33, 8, '2023-11-20', '2023-12-04', 'Returned');
INSERT INTO Loans VALUES (168, 69, 91, '2023-04-03', '2023-04-17', 'Returned');
INSERT INTO Loans VALUES (169, 64, 50, '2023-10-31', NULL, 'Borrowed');
INSERT INTO Loans VALUES (170, 58, 69, '2023-07-14', NULL, 'Borrowed');
INSERT INTO Loans VALUES (171, 117, 19, '2023-04-21', '2023-05-05', 'Returned');
INSERT INTO Loans VALUES (172, 90, 29, '2023-01-15', '2023-01-29', 'Returned');
INSERT INTO Loans VALUES (173, 125, 46, '2023-03-08', '2023-03-22', 'Returned');
INSERT INTO Loans VALUES (174, 135, 12, '2023-11-07', NULL, 'Borrowed');
INSERT INTO Loans VALUES (175, 147, 118, '2023-09-07', '2023-09-21', 'Returned');
INSERT INTO Loans VALUES (176, 52, 72, '2023-06-12', '2023-06-26', 'Returned');
INSERT INTO Loans VALUES (177, 123, 25, '2023-06-23', NULL, 'Borrowed');
INSERT INTO Loans VALUES (178, 48, 43, '2023-01-30', NULL, 'Borrowed');
INSERT INTO Loans VALUES (179, 68, 111, '2023-12-27', '2024-01-10', 'Returned');
INSERT INTO Loans VALUES (180, 74, 23, '2023-04-22', NULL, 'Borrowed');
INSERT INTO Loans VALUES (181, 133, 26, '2023-02-24', NULL, 'Borrowed');
INSERT INTO Loans VALUES (182, 108, 106, '2023-03-24', '2023-04-07', 'Returned');
INSERT INTO Loans VALUES (183, 8, 77, '2023-05-30', '2023-06-13', 'Returned');
INSERT INTO Loans VALUES (184, 51, 26, '2023-11-13', '2023-11-27', 'Returned');
INSERT INTO Loans VALUES (185, 3, 27, '2023-03-05', NULL, 'Borrowed');
INSERT INTO Loans VALUES (186, 48, 119, '2023-10-10', NULL, 'Borrowed');
INSERT INTO Loans VALUES (187, 48, 88, '2023-08-01', '2023-08-15', 'Returned');
INSERT INTO Loans VALUES (188, 100, 120, '2023-06-06', '2023-06-20', 'Returned');
INSERT INTO Loans VALUES (189, 72, 24, '2023-06-18', NULL, 'Borrowed');
INSERT INTO Loans VALUES (190, 85, 1, '2023-10-25', '2023-11-08', 'Returned');
INSERT INTO Loans VALUES (191, 119, 87, '2023-05-19', '2023-06-02', 'Returned');
INSERT INTO Loans VALUES (192, 62, 95, '2023-10-26', '2023-11-09', 'Returned');
INSERT INTO Loans VALUES (193, 68, 27, '2023-12-28', '2024-01-11', 'Returned');
INSERT INTO Loans VALUES (194, 3, 80, '2023-10-28', '2023-11-11', 'Returned');
INSERT INTO Loans VALUES (195, 14, 31, '2023-10-27', NULL, 'Borrowed');
INSERT INTO Loans VALUES (196, 84, 78, '2023-05-10', NULL, 'Borrowed');
INSERT INTO Loans VALUES (197, 77, 112, '2023-01-18', NULL, 'Borrowed');
INSERT INTO Loans VALUES (198, 136, 24, '2023-11-03', '2023-11-17', 'Returned');
INSERT INTO Loans VALUES (199, 35, 33, '2023-04-12', NULL, 'Borrowed');
INSERT INTO Loans VALUES (200, 111, 17, '2023-10-06', NULL, 'Borrowed');

-- 4. MOVIE TICKET BOOKING SYSTEM
CREATE TABLE Movies (id INTEGER PRIMARY KEY, title TEXT NOT NULL, genre TEXT, duration_mins INTEGER, rating REAL);
CREATE TABLE Theaters (id INTEGER PRIMARY KEY, name TEXT NOT NULL, location TEXT, total_screens INTEGER);
CREATE TABLE Showtimes (id INTEGER PRIMARY KEY, movie_id INTEGER, theater_id INTEGER, show_time DATETIME, price DECIMAL(10, 2), FOREIGN KEY (movie_id) REFERENCES Movies(id), FOREIGN KEY (theater_id) REFERENCES Theaters(id));
CREATE TABLE Bookings (id INTEGER PRIMARY KEY, showtime_id INTEGER, customer_name TEXT, seats_booked INTEGER, total_amount DECIMAL(10, 2), FOREIGN KEY (showtime_id) REFERENCES Showtimes(id));
INSERT INTO Movies VALUES (1, 'The World 2', 'Action', 167, 6.9);
INSERT INTO Movies VALUES (2, 'The Star 9', 'Comedy', 132, 9.1);
INSERT INTO Movies VALUES (3, 'The Wars 3', 'Drama', 90, 6.3);
INSERT INTO Movies VALUES (4, 'The Woman 1', 'Thriller', 163, 6.4);
INSERT INTO Movies VALUES (5, 'The Games 1', 'Comedy', 159, 8.4);
INSERT INTO Movies VALUES (6, 'The Man 1', 'Drama', 126, 6.1);
INSERT INTO Movies VALUES (7, 'The World 4', 'Thriller', 176, 8.2);
INSERT INTO Movies VALUES (8, 'The World 5', 'Thriller', 114, 7.6);
INSERT INTO Movies VALUES (9, 'The World 1', 'Action', 115, 6.2);
INSERT INTO Movies VALUES (10, 'The Hero 3', 'Sci-Fi', 137, 5.2);
INSERT INTO Movies VALUES (11, 'The Life 7', 'Comedy', 108, 5.4);
INSERT INTO Movies VALUES (12, 'The Life 2', 'Romance', 141, 5.4);
INSERT INTO Movies VALUES (13, 'The Woman 9', 'Sci-Fi', 130, 9.1);
INSERT INTO Movies VALUES (14, 'The Games 4', 'Comedy', 140, 9.0);
INSERT INTO Movies VALUES (15, 'The Life 5', 'Romance', 170, 8.7);
INSERT INTO Movies VALUES (16, 'The Villain 4', 'Sci-Fi', 98, 5.6);
INSERT INTO Movies VALUES (17, 'The Star 4', 'Drama', 142, 10.0);
INSERT INTO Movies VALUES (18, 'The Life 8', 'Romance', 151, 7.4);
INSERT INTO Movies VALUES (19, 'The Life 2', 'Sci-Fi', 96, 6.2);
INSERT INTO Movies VALUES (20, 'The Games 8', 'Comedy', 102, 5.3);
INSERT INTO Movies VALUES (21, 'The Games 8', 'Thriller', 133, 6.8);
INSERT INTO Movies VALUES (22, 'The World 7', 'Thriller', 96, 8.4);
INSERT INTO Movies VALUES (23, 'The Man 9', 'Thriller', 90, 5.9);
INSERT INTO Movies VALUES (24, 'The Life 5', 'Romance', 152, 6.2);
INSERT INTO Movies VALUES (25, 'The Man 4', 'Drama', 149, 7.6);
INSERT INTO Movies VALUES (26, 'The Woman 8', 'Horror', 106, 5.4);
INSERT INTO Movies VALUES (27, 'The Woman 4', 'Thriller', 104, 9.5);
INSERT INTO Movies VALUES (28, 'The Story 5', 'Action', 120, 5.9);
INSERT INTO Movies VALUES (29, 'The Woman 5', 'Horror', 108, 7.9);
INSERT INTO Movies VALUES (30, 'The Life 8', 'Thriller', 179, 5.6);
INSERT INTO Movies VALUES (31, 'The Man 4', 'Sci-Fi', 113, 6.5);
INSERT INTO Movies VALUES (32, 'The Story 1', 'Horror', 178, 5.2);
INSERT INTO Movies VALUES (33, 'The Man 1', 'Romance', 154, 10.0);
INSERT INTO Movies VALUES (34, 'The Man 3', 'Sci-Fi', 98, 9.2);
INSERT INTO Movies VALUES (35, 'The Hero 5', 'Drama', 144, 6.6);
INSERT INTO Movies VALUES (36, 'The World 8', 'Sci-Fi', 121, 5.5);
INSERT INTO Movies VALUES (37, 'The Wars 1', 'Comedy', 124, 7.9);
INSERT INTO Movies VALUES (38, 'The Hero 3', 'Romance', 137, 8.6);
INSERT INTO Movies VALUES (39, 'The Life 8', 'Horror', 172, 7.0);
INSERT INTO Movies VALUES (40, 'The Wars 5', 'Horror', 105, 9.0);
INSERT INTO Movies VALUES (41, 'The World 7', 'Horror', 135, 6.6);
INSERT INTO Movies VALUES (42, 'The Star 6', 'Comedy', 128, 9.7);
INSERT INTO Movies VALUES (43, 'The Hero 1', 'Action', 109, 6.3);
INSERT INTO Movies VALUES (44, 'The Star 4', 'Romance', 109, 9.4);
INSERT INTO Movies VALUES (45, 'The Story 5', 'Drama', 162, 8.8);
INSERT INTO Movies VALUES (46, 'The Star 4', 'Thriller', 130, 5.2);
INSERT INTO Movies VALUES (47, 'The Man 6', 'Comedy', 134, 7.1);
INSERT INTO Movies VALUES (48, 'The Man 7', 'Thriller', 153, 9.4);
INSERT INTO Movies VALUES (49, 'The Man 8', 'Comedy', 162, 8.4);
INSERT INTO Movies VALUES (50, 'The Life 3', 'Comedy', 153, 6.5);
INSERT INTO Movies VALUES (51, 'The Star 9', 'Sci-Fi', 115, 5.5);
INSERT INTO Movies VALUES (52, 'The World 5', 'Romance', 172, 8.7);
INSERT INTO Movies VALUES (53, 'The Story 2', 'Horror', 123, 9.1);
INSERT INTO Movies VALUES (54, 'The Story 6', 'Romance', 98, 8.0);
INSERT INTO Movies VALUES (55, 'The Life 7', 'Comedy', 128, 6.8);
INSERT INTO Movies VALUES (56, 'The Life 8', 'Drama', 168, 8.8);
INSERT INTO Movies VALUES (57, 'The Games 9', 'Comedy', 106, 6.3);
INSERT INTO Movies VALUES (58, 'The Games 2', 'Horror', 137, 8.0);
INSERT INTO Movies VALUES (59, 'The World 2', 'Horror', 165, 8.4);
INSERT INTO Movies VALUES (60, 'The World 9', 'Sci-Fi', 112, 6.7);
INSERT INTO Movies VALUES (61, 'The Wars 7', 'Drama', 119, 8.1);
INSERT INTO Movies VALUES (62, 'The Villain 1', 'Horror', 111, 9.0);
INSERT INTO Movies VALUES (63, 'The Woman 3', 'Horror', 161, 9.0);
INSERT INTO Movies VALUES (64, 'The Life 6', 'Drama', 143, 9.5);
INSERT INTO Movies VALUES (65, 'The Hero 8', 'Sci-Fi', 172, 9.5);
INSERT INTO Movies VALUES (66, 'The Woman 7', 'Sci-Fi', 120, 10.0);
INSERT INTO Movies VALUES (67, 'The Life 6', 'Comedy', 93, 5.6);
INSERT INTO Movies VALUES (68, 'The Woman 2', 'Drama', 123, 7.3);
INSERT INTO Movies VALUES (69, 'The Story 5', 'Comedy', 143, 9.8);
INSERT INTO Movies VALUES (70, 'The Woman 4', 'Drama', 110, 8.7);
INSERT INTO Movies VALUES (71, 'The Woman 7', 'Sci-Fi', 166, 6.9);
INSERT INTO Movies VALUES (72, 'The World 2', 'Action', 159, 8.5);
INSERT INTO Movies VALUES (73, 'The Story 2', 'Sci-Fi', 137, 6.6);
INSERT INTO Movies VALUES (74, 'The Wars 6', 'Romance', 172, 9.1);
INSERT INTO Movies VALUES (75, 'The Villain 2', 'Romance', 130, 8.4);
INSERT INTO Movies VALUES (76, 'The Star 4', 'Sci-Fi', 164, 8.2);
INSERT INTO Movies VALUES (77, 'The Star 8', 'Comedy', 140, 6.1);
INSERT INTO Movies VALUES (78, 'The World 7', 'Sci-Fi', 109, 8.5);
INSERT INTO Movies VALUES (79, 'The Man 6', 'Thriller', 91, 6.1);
INSERT INTO Movies VALUES (80, 'The Villain 4', 'Drama', 166, 10.0);
INSERT INTO Movies VALUES (81, 'The Star 1', 'Romance', 94, 7.5);
INSERT INTO Movies VALUES (82, 'The Life 9', 'Sci-Fi', 176, 7.3);
INSERT INTO Movies VALUES (83, 'The Woman 3', 'Action', 123, 9.6);
INSERT INTO Movies VALUES (84, 'The Woman 3', 'Drama', 163, 5.3);
INSERT INTO Movies VALUES (85, 'The Woman 2', 'Comedy', 175, 7.4);
INSERT INTO Movies VALUES (86, 'The Star 3', 'Action', 100, 5.1);
INSERT INTO Movies VALUES (87, 'The Hero 2', 'Romance', 112, 7.6);
INSERT INTO Movies VALUES (88, 'The Man 3', 'Comedy', 153, 9.1);
INSERT INTO Movies VALUES (89, 'The Villain 5', 'Sci-Fi', 145, 9.1);
INSERT INTO Movies VALUES (90, 'The Story 6', 'Drama', 173, 8.7);
INSERT INTO Movies VALUES (91, 'The World 3', 'Horror', 143, 5.8);
INSERT INTO Movies VALUES (92, 'The World 9', 'Comedy', 150, 9.1);
INSERT INTO Movies VALUES (93, 'The Life 2', 'Horror', 111, 9.9);
INSERT INTO Movies VALUES (94, 'The Wars 3', 'Horror', 174, 5.1);
INSERT INTO Movies VALUES (95, 'The Man 9', 'Comedy', 112, 8.6);
INSERT INTO Movies VALUES (96, 'The Hero 2', 'Comedy', 133, 7.7);
INSERT INTO Movies VALUES (97, 'The Star 2', 'Thriller', 155, 7.5);
INSERT INTO Movies VALUES (98, 'The Hero 3', 'Romance', 166, 9.6);
INSERT INTO Movies VALUES (99, 'The Villain 7', 'Sci-Fi', 108, 8.4);
INSERT INTO Movies VALUES (100, 'The Star 5', 'Comedy', 171, 9.5);
INSERT INTO Movies VALUES (101, 'The Wars 3', 'Thriller', 112, 6.7);
INSERT INTO Movies VALUES (102, 'The Star 5', 'Action', 160, 8.7);
INSERT INTO Movies VALUES (103, 'The Star 5', 'Drama', 103, 5.3);
INSERT INTO Movies VALUES (104, 'The Life 6', 'Thriller', 110, 9.0);
INSERT INTO Movies VALUES (105, 'The World 7', 'Horror', 145, 9.6);
INSERT INTO Movies VALUES (106, 'The Star 4', 'Action', 136, 5.1);
INSERT INTO Movies VALUES (107, 'The Woman 6', 'Comedy', 126, 7.4);
INSERT INTO Movies VALUES (108, 'The Story 1', 'Sci-Fi', 96, 9.3);
INSERT INTO Movies VALUES (109, 'The Woman 6', 'Sci-Fi', 164, 9.8);
INSERT INTO Theaters VALUES (1, 'PVR', 'Chennai', 4);
INSERT INTO Theaters VALUES (2, 'INOX', 'Chennai', 4);
INSERT INTO Theaters VALUES (3, 'Cinepolis', 'Hyderabad', 4);
INSERT INTO Theaters VALUES (4, 'IMAX', 'Hyderabad', 5);
INSERT INTO Theaters VALUES (5, 'Sathyam', 'Hyderabad', 8);
INSERT INTO Showtimes VALUES (1, 55, 1, '2023-05-02 18:00:00', 250);
INSERT INTO Showtimes VALUES (2, 93, 1, '2023-07-10 18:00:00', 500);
INSERT INTO Showtimes VALUES (3, 37, 5, '2023-06-24 18:00:00', 150);
INSERT INTO Showtimes VALUES (4, 77, 1, '2023-11-19 18:00:00', 200);
INSERT INTO Showtimes VALUES (5, 25, 1, '2023-08-21 18:00:00', 500);
INSERT INTO Showtimes VALUES (6, 63, 2, '2023-04-14 18:00:00', 800);
INSERT INTO Showtimes VALUES (7, 96, 1, '2023-02-09 18:00:00', 200);
INSERT INTO Showtimes VALUES (8, 34, 3, '2023-10-11 18:00:00', 500);
INSERT INTO Showtimes VALUES (9, 47, 3, '2023-10-25 18:00:00', 300);
INSERT INTO Showtimes VALUES (10, 86, 1, '2023-03-07 18:00:00', 200);
INSERT INTO Showtimes VALUES (11, 7, 4, '2023-07-12 18:00:00', 800);
INSERT INTO Showtimes VALUES (12, 2, 1, '2023-06-28 18:00:00', 250);
INSERT INTO Showtimes VALUES (13, 28, 1, '2023-10-01 18:00:00', 200);
INSERT INTO Showtimes VALUES (14, 46, 4, '2023-10-20 18:00:00', 500);
INSERT INTO Showtimes VALUES (15, 58, 3, '2023-08-04 18:00:00', 300);
INSERT INTO Showtimes VALUES (16, 91, 4, '2023-03-07 18:00:00', 250);
INSERT INTO Showtimes VALUES (17, 83, 4, '2023-10-02 18:00:00', 500);
INSERT INTO Showtimes VALUES (18, 71, 1, '2023-09-02 18:00:00', 500);
INSERT INTO Showtimes VALUES (19, 12, 1, '2023-11-25 18:00:00', 800);
INSERT INTO Showtimes VALUES (20, 13, 2, '2023-03-04 18:00:00', 300);
INSERT INTO Showtimes VALUES (21, 49, 4, '2023-12-12 18:00:00', 200);
INSERT INTO Showtimes VALUES (22, 71, 2, '2023-08-08 18:00:00', 500);
INSERT INTO Showtimes VALUES (23, 95, 1, '2023-10-30 18:00:00', 300);
INSERT INTO Showtimes VALUES (24, 77, 4, '2023-02-16 18:00:00', 150);
INSERT INTO Showtimes VALUES (25, 18, 4, '2023-08-03 18:00:00', 800);
INSERT INTO Showtimes VALUES (26, 94, 1, '2023-02-20 18:00:00', 500);
INSERT INTO Showtimes VALUES (27, 48, 3, '2023-03-24 18:00:00', 800);
INSERT INTO Showtimes VALUES (28, 60, 4, '2023-01-14 18:00:00', 150);
INSERT INTO Showtimes VALUES (29, 86, 1, '2023-03-19 18:00:00', 300);
INSERT INTO Showtimes VALUES (30, 25, 1, '2023-06-14 18:00:00', 300);
INSERT INTO Showtimes VALUES (31, 56, 1, '2023-07-07 18:00:00', 150);
INSERT INTO Showtimes VALUES (32, 26, 3, '2023-01-11 18:00:00', 250);
INSERT INTO Showtimes VALUES (33, 76, 5, '2023-05-30 18:00:00', 800);
INSERT INTO Showtimes VALUES (34, 23, 4, '2023-10-02 18:00:00', 800);
INSERT INTO Showtimes VALUES (35, 60, 4, '2023-09-18 18:00:00', 800);
INSERT INTO Showtimes VALUES (36, 79, 2, '2023-11-11 18:00:00', 300);
INSERT INTO Showtimes VALUES (37, 6, 5, '2023-11-03 18:00:00', 800);
INSERT INTO Showtimes VALUES (38, 11, 2, '2023-09-24 18:00:00', 800);
INSERT INTO Showtimes VALUES (39, 4, 4, '2023-10-03 18:00:00', 250);
INSERT INTO Showtimes VALUES (40, 58, 5, '2023-10-06 18:00:00', 200);
INSERT INTO Showtimes VALUES (41, 4, 4, '2023-07-27 18:00:00', 500);
INSERT INTO Showtimes VALUES (42, 30, 3, '2023-07-16 18:00:00', 500);
INSERT INTO Showtimes VALUES (43, 67, 4, '2023-02-25 18:00:00', 250);
INSERT INTO Showtimes VALUES (44, 8, 2, '2023-03-13 18:00:00', 500);
INSERT INTO Showtimes VALUES (45, 67, 2, '2023-03-28 18:00:00', 800);
INSERT INTO Showtimes VALUES (46, 53, 5, '2023-11-27 18:00:00', 250);
INSERT INTO Showtimes VALUES (47, 46, 1, '2023-01-31 18:00:00', 500);
INSERT INTO Showtimes VALUES (48, 8, 4, '2023-09-28 18:00:00', 200);
INSERT INTO Showtimes VALUES (49, 35, 4, '2023-02-28 18:00:00', 500);
INSERT INTO Showtimes VALUES (50, 31, 2, '2023-06-13 18:00:00', 200);
INSERT INTO Showtimes VALUES (51, 27, 5, '2023-09-27 18:00:00', 250);
INSERT INTO Showtimes VALUES (52, 99, 4, '2023-05-01 18:00:00', 250);
INSERT INTO Showtimes VALUES (53, 42, 5, '2023-05-10 18:00:00', 200);
INSERT INTO Showtimes VALUES (54, 8, 5, '2023-04-11 18:00:00', 800);
INSERT INTO Showtimes VALUES (55, 35, 1, '2023-10-03 18:00:00', 800);
INSERT INTO Showtimes VALUES (56, 69, 2, '2023-07-26 18:00:00', 150);
INSERT INTO Showtimes VALUES (57, 94, 1, '2023-05-14 18:00:00', 200);
INSERT INTO Showtimes VALUES (58, 7, 5, '2023-05-30 18:00:00', 200);
INSERT INTO Showtimes VALUES (59, 75, 3, '2023-03-02 18:00:00', 250);
INSERT INTO Showtimes VALUES (60, 90, 5, '2023-01-26 18:00:00', 800);
INSERT INTO Showtimes VALUES (61, 10, 1, '2023-05-23 18:00:00', 300);
INSERT INTO Showtimes VALUES (62, 2, 5, '2023-04-11 18:00:00', 800);
INSERT INTO Showtimes VALUES (63, 85, 1, '2023-01-04 18:00:00', 250);
INSERT INTO Showtimes VALUES (64, 28, 2, '2023-07-21 18:00:00', 800);
INSERT INTO Showtimes VALUES (65, 13, 5, '2023-01-05 18:00:00', 200);
INSERT INTO Showtimes VALUES (66, 7, 3, '2023-09-18 18:00:00', 200);
INSERT INTO Showtimes VALUES (67, 14, 2, '2023-03-23 18:00:00', 200);
INSERT INTO Showtimes VALUES (68, 86, 5, '2023-03-28 18:00:00', 200);
INSERT INTO Showtimes VALUES (69, 61, 1, '2023-02-10 18:00:00', 150);
INSERT INTO Showtimes VALUES (70, 44, 3, '2023-02-23 18:00:00', 250);
INSERT INTO Showtimes VALUES (71, 4, 2, '2023-02-20 18:00:00', 250);
INSERT INTO Showtimes VALUES (72, 74, 5, '2023-02-12 18:00:00', 500);
INSERT INTO Showtimes VALUES (73, 27, 4, '2023-10-06 18:00:00', 150);
INSERT INTO Showtimes VALUES (74, 59, 1, '2023-06-25 18:00:00', 150);
INSERT INTO Showtimes VALUES (75, 71, 1, '2023-07-18 18:00:00', 250);
INSERT INTO Showtimes VALUES (76, 78, 4, '2023-07-17 18:00:00', 150);
INSERT INTO Showtimes VALUES (77, 90, 2, '2023-09-22 18:00:00', 150);
INSERT INTO Showtimes VALUES (78, 38, 5, '2023-04-19 18:00:00', 800);
INSERT INTO Showtimes VALUES (79, 69, 1, '2023-09-11 18:00:00', 500);
INSERT INTO Showtimes VALUES (80, 10, 3, '2023-07-31 18:00:00', 150);
INSERT INTO Showtimes VALUES (81, 100, 5, '2023-12-05 18:00:00', 200);
INSERT INTO Showtimes VALUES (82, 16, 3, '2023-09-28 18:00:00', 300);
INSERT INTO Showtimes VALUES (83, 29, 4, '2023-06-12 18:00:00', 250);
INSERT INTO Showtimes VALUES (84, 86, 5, '2023-05-18 18:00:00', 300);
INSERT INTO Showtimes VALUES (85, 50, 3, '2023-07-20 18:00:00', 150);
INSERT INTO Showtimes VALUES (86, 47, 4, '2023-04-24 18:00:00', 300);
INSERT INTO Showtimes VALUES (87, 19, 2, '2023-12-20 18:00:00', 150);
INSERT INTO Showtimes VALUES (88, 34, 2, '2023-01-05 18:00:00', 300);
INSERT INTO Showtimes VALUES (89, 55, 1, '2023-03-23 18:00:00', 200);
INSERT INTO Showtimes VALUES (90, 84, 4, '2023-09-19 18:00:00', 800);
INSERT INTO Showtimes VALUES (91, 95, 4, '2023-11-25 18:00:00', 150);
INSERT INTO Showtimes VALUES (92, 83, 1, '2023-03-15 18:00:00', 150);
INSERT INTO Showtimes VALUES (93, 25, 5, '2023-07-20 18:00:00', 500);
INSERT INTO Showtimes VALUES (94, 19, 2, '2023-03-24 18:00:00', 150);
INSERT INTO Showtimes VALUES (95, 73, 4, '2023-06-19 18:00:00', 300);
INSERT INTO Showtimes VALUES (96, 100, 1, '2023-11-29 18:00:00', 300);
INSERT INTO Showtimes VALUES (97, 53, 2, '2023-01-22 18:00:00', 250);
INSERT INTO Showtimes VALUES (98, 16, 3, '2023-05-06 18:00:00', 300);
INSERT INTO Showtimes VALUES (99, 20, 5, '2023-02-08 18:00:00', 250);
INSERT INTO Showtimes VALUES (100, 90, 2, '2023-12-21 18:00:00', 200);
INSERT INTO Showtimes VALUES (101, 50, 5, '2023-06-09 18:00:00', 150);
INSERT INTO Showtimes VALUES (102, 74, 2, '2023-11-07 18:00:00', 150);
INSERT INTO Showtimes VALUES (103, 66, 4, '2023-08-16 18:00:00', 300);
INSERT INTO Showtimes VALUES (104, 22, 5, '2023-10-29 18:00:00', 150);
INSERT INTO Showtimes VALUES (105, 32, 2, '2023-06-18 18:00:00', 800);
INSERT INTO Showtimes VALUES (106, 47, 4, '2023-01-28 18:00:00', 800);
INSERT INTO Showtimes VALUES (107, 77, 3, '2023-08-20 18:00:00', 150);
INSERT INTO Showtimes VALUES (108, 20, 2, '2023-08-09 18:00:00', 200);
INSERT INTO Showtimes VALUES (109, 50, 2, '2023-03-06 18:00:00', 800);
INSERT INTO Showtimes VALUES (110, 24, 1, '2023-03-07 18:00:00', 200);
INSERT INTO Showtimes VALUES (111, 73, 2, '2023-06-10 18:00:00', 300);
INSERT INTO Showtimes VALUES (112, 82, 4, '2023-11-27 18:00:00', 300);
INSERT INTO Showtimes VALUES (113, 49, 4, '2023-11-24 18:00:00', 250);
INSERT INTO Showtimes VALUES (114, 95, 1, '2023-07-17 18:00:00', 500);
INSERT INTO Showtimes VALUES (115, 67, 2, '2023-05-25 18:00:00', 250);
INSERT INTO Showtimes VALUES (116, 31, 3, '2023-02-02 18:00:00', 200);
INSERT INTO Showtimes VALUES (117, 67, 4, '2023-05-08 18:00:00', 800);
INSERT INTO Showtimes VALUES (118, 41, 2, '2023-03-23 18:00:00', 300);
INSERT INTO Showtimes VALUES (119, 94, 5, '2023-12-09 18:00:00', 250);
INSERT INTO Showtimes VALUES (120, 59, 3, '2023-10-09 18:00:00', 300);
INSERT INTO Showtimes VALUES (121, 23, 2, '2023-04-18 18:00:00', 300);
INSERT INTO Showtimes VALUES (122, 35, 5, '2023-09-02 18:00:00', 300);
INSERT INTO Showtimes VALUES (123, 39, 1, '2023-06-30 18:00:00', 200);
INSERT INTO Showtimes VALUES (124, 63, 1, '2023-02-21 18:00:00', 800);
INSERT INTO Showtimes VALUES (125, 64, 5, '2023-05-12 18:00:00', 200);
INSERT INTO Showtimes VALUES (126, 99, 1, '2023-11-24 18:00:00', 300);
INSERT INTO Showtimes VALUES (127, 92, 1, '2023-11-01 18:00:00', 800);
INSERT INTO Showtimes VALUES (128, 14, 2, '2023-07-09 18:00:00', 150);
INSERT INTO Showtimes VALUES (129, 80, 1, '2023-03-26 18:00:00', 200);
INSERT INTO Showtimes VALUES (130, 35, 2, '2023-09-12 18:00:00', 800);
INSERT INTO Showtimes VALUES (131, 83, 4, '2023-02-21 18:00:00', 300);
INSERT INTO Showtimes VALUES (132, 31, 5, '2023-11-03 18:00:00', 300);
INSERT INTO Showtimes VALUES (133, 13, 5, '2023-06-19 18:00:00', 800);
INSERT INTO Showtimes VALUES (134, 21, 3, '2023-05-02 18:00:00', 250);
INSERT INTO Showtimes VALUES (135, 54, 4, '2023-01-30 18:00:00', 500);
INSERT INTO Showtimes VALUES (136, 19, 2, '2023-03-18 18:00:00', 800);
INSERT INTO Showtimes VALUES (137, 90, 5, '2023-10-24 18:00:00', 500);
INSERT INTO Showtimes VALUES (138, 94, 4, '2023-11-04 18:00:00', 200);
INSERT INTO Showtimes VALUES (139, 7, 5, '2023-04-09 18:00:00', 500);
INSERT INTO Showtimes VALUES (140, 38, 1, '2023-12-02 18:00:00', 300);
INSERT INTO Showtimes VALUES (141, 58, 5, '2023-11-19 18:00:00', 800);
INSERT INTO Showtimes VALUES (142, 37, 5, '2023-06-27 18:00:00', 500);
INSERT INTO Showtimes VALUES (143, 25, 3, '2023-08-01 18:00:00', 150);
INSERT INTO Showtimes VALUES (144, 91, 3, '2023-08-22 18:00:00', 500);
INSERT INTO Showtimes VALUES (145, 44, 4, '2023-11-03 18:00:00', 500);
INSERT INTO Showtimes VALUES (146, 93, 5, '2023-09-05 18:00:00', 500);
INSERT INTO Showtimes VALUES (147, 16, 5, '2023-09-27 18:00:00', 250);
INSERT INTO Showtimes VALUES (148, 63, 2, '2023-01-15 18:00:00', 300);
INSERT INTO Showtimes VALUES (149, 53, 1, '2023-01-28 18:00:00', 250);
INSERT INTO Showtimes VALUES (150, 58, 5, '2023-10-31 18:00:00', 250);
INSERT INTO Showtimes VALUES (151, 40, 3, '2023-04-14 18:00:00', 150);
INSERT INTO Showtimes VALUES (152, 79, 4, '2023-11-10 18:00:00', 800);
INSERT INTO Showtimes VALUES (153, 55, 2, '2023-08-26 18:00:00', 150);
INSERT INTO Showtimes VALUES (154, 37, 1, '2023-10-11 18:00:00', 250);
INSERT INTO Showtimes VALUES (155, 92, 4, '2023-01-04 18:00:00', 150);
INSERT INTO Showtimes VALUES (156, 11, 4, '2023-04-02 18:00:00', 300);
INSERT INTO Showtimes VALUES (157, 72, 3, '2023-12-08 18:00:00', 150);
INSERT INTO Showtimes VALUES (158, 54, 5, '2023-10-29 18:00:00', 800);
INSERT INTO Showtimes VALUES (159, 3, 5, '2023-02-26 18:00:00', 300);
INSERT INTO Showtimes VALUES (160, 64, 2, '2023-04-07 18:00:00', 200);
INSERT INTO Showtimes VALUES (161, 19, 4, '2023-05-18 18:00:00', 200);
INSERT INTO Showtimes VALUES (162, 24, 5, '2023-07-16 18:00:00', 250);
INSERT INTO Showtimes VALUES (163, 51, 2, '2023-04-29 18:00:00', 500);
INSERT INTO Showtimes VALUES (164, 1, 1, '2023-01-14 18:00:00', 800);
INSERT INTO Showtimes VALUES (165, 12, 3, '2023-04-18 18:00:00', 150);
INSERT INTO Showtimes VALUES (166, 48, 2, '2023-01-12 18:00:00', 500);
INSERT INTO Showtimes VALUES (167, 11, 1, '2023-04-27 18:00:00', 800);
INSERT INTO Showtimes VALUES (168, 99, 3, '2023-11-16 18:00:00', 250);
INSERT INTO Showtimes VALUES (169, 69, 5, '2023-02-17 18:00:00', 200);
INSERT INTO Showtimes VALUES (170, 53, 3, '2023-06-15 18:00:00', 150);
INSERT INTO Showtimes VALUES (171, 45, 3, '2023-11-02 18:00:00', 150);
INSERT INTO Showtimes VALUES (172, 74, 3, '2023-08-31 18:00:00', 300);
INSERT INTO Showtimes VALUES (173, 93, 2, '2023-06-21 18:00:00', 150);
INSERT INTO Showtimes VALUES (174, 3, 3, '2023-11-07 18:00:00', 800);
INSERT INTO Showtimes VALUES (175, 17, 5, '2023-09-10 18:00:00', 200);
INSERT INTO Showtimes VALUES (176, 74, 3, '2023-11-27 18:00:00', 150);
INSERT INTO Showtimes VALUES (177, 5, 5, '2023-07-15 18:00:00', 200);
INSERT INTO Showtimes VALUES (178, 81, 4, '2023-11-19 18:00:00', 250);
INSERT INTO Showtimes VALUES (179, 83, 4, '2023-12-01 18:00:00', 500);
INSERT INTO Showtimes VALUES (180, 31, 5, '2023-05-06 18:00:00', 200);
INSERT INTO Showtimes VALUES (181, 73, 2, '2023-09-12 18:00:00', 150);
INSERT INTO Showtimes VALUES (182, 94, 4, '2023-07-01 18:00:00', 150);
INSERT INTO Showtimes VALUES (183, 9, 3, '2023-04-05 18:00:00', 800);
INSERT INTO Showtimes VALUES (184, 9, 1, '2023-07-23 18:00:00', 500);
INSERT INTO Showtimes VALUES (185, 39, 2, '2023-06-12 18:00:00', 800);
INSERT INTO Showtimes VALUES (186, 77, 1, '2023-07-10 18:00:00', 250);
INSERT INTO Showtimes VALUES (187, 29, 2, '2023-04-13 18:00:00', 200);
INSERT INTO Showtimes VALUES (188, 3, 3, '2023-09-12 18:00:00', 300);
INSERT INTO Showtimes VALUES (189, 96, 1, '2023-06-12 18:00:00', 500);
INSERT INTO Showtimes VALUES (190, 97, 5, '2023-04-01 18:00:00', 800);
INSERT INTO Showtimes VALUES (191, 16, 1, '2023-09-07 18:00:00', 150);
INSERT INTO Showtimes VALUES (192, 84, 4, '2023-05-29 18:00:00', 250);
INSERT INTO Showtimes VALUES (193, 49, 2, '2023-05-07 18:00:00', 250);
INSERT INTO Showtimes VALUES (194, 23, 2, '2023-07-10 18:00:00', 500);
INSERT INTO Showtimes VALUES (195, 26, 4, '2023-10-01 18:00:00', 250);
INSERT INTO Showtimes VALUES (196, 84, 4, '2023-08-05 18:00:00', 300);
INSERT INTO Showtimes VALUES (197, 53, 3, '2023-01-05 18:00:00', 300);
INSERT INTO Showtimes VALUES (198, 84, 3, '2023-07-04 18:00:00', 500);
INSERT INTO Showtimes VALUES (199, 7, 3, '2023-11-06 18:00:00', 250);
INSERT INTO Showtimes VALUES (200, 48, 2, '2023-08-17 18:00:00', 500);
INSERT INTO Bookings VALUES (1, 111, 'Myra', 4, 800);
INSERT INTO Bookings VALUES (2, 167, 'Ayan', 2, 400);
INSERT INTO Bookings VALUES (3, 23, 'Ishaan', 3, 600);
INSERT INTO Bookings VALUES (4, 107, 'Krishna', 1, 200);
INSERT INTO Bookings VALUES (5, 185, 'Riya', 5, 1000);
INSERT INTO Bookings VALUES (6, 72, 'Vihaan', 5, 1000);
INSERT INTO Bookings VALUES (7, 14, 'Meera', 2, 400);
INSERT INTO Bookings VALUES (8, 98, 'Aditya', 4, 800);
INSERT INTO Bookings VALUES (9, 175, 'Ayan', 2, 400);
INSERT INTO Bookings VALUES (10, 121, 'Aditya', 2, 400);
INSERT INTO Bookings VALUES (11, 50, 'Saanvi', 1, 200);
INSERT INTO Bookings VALUES (12, 18, 'Ananya', 5, 1000);
INSERT INTO Bookings VALUES (13, 193, 'Meera', 3, 600);
INSERT INTO Bookings VALUES (14, 136, 'Riya', 2, 400);
INSERT INTO Bookings VALUES (15, 45, 'Reyansh', 1, 200);
INSERT INTO Bookings VALUES (16, 56, 'Pari', 4, 800);
INSERT INTO Bookings VALUES (17, 8, 'Aarav', 4, 800);
INSERT INTO Bookings VALUES (18, 102, 'Diya', 3, 600);
INSERT INTO Bookings VALUES (19, 30, 'Riya', 5, 1000);
INSERT INTO Bookings VALUES (20, 109, 'Aarav', 1, 200);
INSERT INTO Bookings VALUES (21, 25, 'Diya', 2, 400);
INSERT INTO Bookings VALUES (22, 146, 'Diya', 3, 600);
INSERT INTO Bookings VALUES (23, 125, 'Sai', 1, 200);
INSERT INTO Bookings VALUES (24, 123, 'Ananya', 4, 800);
INSERT INTO Bookings VALUES (25, 40, 'Riya', 2, 400);
INSERT INTO Bookings VALUES (26, 160, 'Saanvi', 6, 1200);
INSERT INTO Bookings VALUES (27, 140, 'Vivaan', 5, 1000);
INSERT INTO Bookings VALUES (28, 164, 'Anya', 3, 600);
INSERT INTO Bookings VALUES (29, 65, 'Ayan', 1, 200);
INSERT INTO Bookings VALUES (30, 180, 'Saanvi', 4, 800);
INSERT INTO Bookings VALUES (31, 40, 'Riya', 1, 200);
INSERT INTO Bookings VALUES (32, 189, 'Pari', 6, 1200);
INSERT INTO Bookings VALUES (33, 156, 'Diya', 4, 800);
INSERT INTO Bookings VALUES (34, 14, 'Reyansh', 1, 200);
INSERT INTO Bookings VALUES (35, 161, 'Reyansh', 4, 800);
INSERT INTO Bookings VALUES (36, 64, 'Ananya', 4, 800);
INSERT INTO Bookings VALUES (37, 127, 'Saanvi', 4, 800);
INSERT INTO Bookings VALUES (38, 87, 'Aarav', 1, 200);
INSERT INTO Bookings VALUES (39, 37, 'Aadhya', 3, 600);
INSERT INTO Bookings VALUES (40, 144, 'Krishna', 4, 800);
INSERT INTO Bookings VALUES (41, 135, 'Pari', 5, 1000);
INSERT INTO Bookings VALUES (42, 144, 'Vihaan', 6, 1200);
INSERT INTO Bookings VALUES (43, 159, 'Krishna', 2, 400);
INSERT INTO Bookings VALUES (44, 188, 'Sara', 3, 600);
INSERT INTO Bookings VALUES (45, 47, 'Sara', 3, 600);
INSERT INTO Bookings VALUES (46, 102, 'Aditya', 4, 800);
INSERT INTO Bookings VALUES (47, 64, 'Pari', 4, 800);
INSERT INTO Bookings VALUES (48, 113, 'Meera', 5, 1000);
INSERT INTO Bookings VALUES (49, 101, 'Arjun', 3, 600);
INSERT INTO Bookings VALUES (50, 19, 'Ayan', 3, 600);
INSERT INTO Bookings VALUES (51, 196, 'Vivaan', 5, 1000);
INSERT INTO Bookings VALUES (52, 46, 'Aarav', 5, 1000);
INSERT INTO Bookings VALUES (53, 179, 'Vihaan', 1, 200);
INSERT INTO Bookings VALUES (54, 5, 'Meera', 6, 1200);
INSERT INTO Bookings VALUES (55, 156, 'Reyansh', 6, 1200);
INSERT INTO Bookings VALUES (56, 125, 'Meera', 2, 400);
INSERT INTO Bookings VALUES (57, 173, 'Vihaan', 2, 400);
INSERT INTO Bookings VALUES (58, 39, 'Aadhya', 1, 200);
INSERT INTO Bookings VALUES (59, 35, 'Aadhya', 2, 400);
INSERT INTO Bookings VALUES (60, 125, 'Riya', 5, 1000);
INSERT INTO Bookings VALUES (61, 103, 'Anya', 4, 800);
INSERT INTO Bookings VALUES (62, 91, 'Aadhya', 4, 800);
INSERT INTO Bookings VALUES (63, 53, 'Anya', 6, 1200);
INSERT INTO Bookings VALUES (64, 14, 'Anya', 6, 1200);
INSERT INTO Bookings VALUES (65, 97, 'Ishaan', 5, 1000);
INSERT INTO Bookings VALUES (66, 196, 'Pari', 2, 400);
INSERT INTO Bookings VALUES (67, 45, 'Aadhya', 3, 600);
INSERT INTO Bookings VALUES (68, 104, 'Riya', 4, 800);
INSERT INTO Bookings VALUES (69, 165, 'Meera', 5, 1000);
INSERT INTO Bookings VALUES (70, 76, 'Diya', 6, 1200);
INSERT INTO Bookings VALUES (71, 18, 'Anya', 3, 600);
INSERT INTO Bookings VALUES (72, 38, 'Arjun', 2, 400);
INSERT INTO Bookings VALUES (73, 129, 'Sara', 1, 200);
INSERT INTO Bookings VALUES (74, 71, 'Ishaan', 2, 400);
INSERT INTO Bookings VALUES (75, 85, 'Riya', 4, 800);
INSERT INTO Bookings VALUES (76, 130, 'Sai', 1, 200);
INSERT INTO Bookings VALUES (77, 74, 'Pari', 1, 200);
INSERT INTO Bookings VALUES (78, 113, 'Krishna', 2, 400);
INSERT INTO Bookings VALUES (79, 79, 'Riya', 6, 1200);
INSERT INTO Bookings VALUES (80, 155, 'Saanvi', 1, 200);
INSERT INTO Bookings VALUES (81, 152, 'Ishaan', 1, 200);
INSERT INTO Bookings VALUES (82, 170, 'Ananya', 2, 400);
INSERT INTO Bookings VALUES (83, 172, 'Saanvi', 3, 600);
INSERT INTO Bookings VALUES (84, 84, 'Saanvi', 5, 1000);
INSERT INTO Bookings VALUES (85, 191, 'Saanvi', 3, 600);
INSERT INTO Bookings VALUES (86, 6, 'Sai', 3, 600);
INSERT INTO Bookings VALUES (87, 191, 'Ayan', 2, 400);
INSERT INTO Bookings VALUES (88, 187, 'Reyansh', 2, 400);
INSERT INTO Bookings VALUES (89, 85, 'Ayan', 4, 800);
INSERT INTO Bookings VALUES (90, 61, 'Myra', 2, 400);
INSERT INTO Bookings VALUES (91, 121, 'Riya', 3, 600);
INSERT INTO Bookings VALUES (92, 164, 'Ayan', 4, 800);
INSERT INTO Bookings VALUES (93, 183, 'Ishaan', 1, 200);
INSERT INTO Bookings VALUES (94, 94, 'Aadhya', 6, 1200);
INSERT INTO Bookings VALUES (95, 36, 'Myra', 2, 400);
INSERT INTO Bookings VALUES (96, 196, 'Ananya', 6, 1200);
INSERT INTO Bookings VALUES (97, 73, 'Vihaan', 4, 800);
INSERT INTO Bookings VALUES (98, 75, 'Aditya', 3, 600);
INSERT INTO Bookings VALUES (99, 58, 'Anya', 6, 1200);
INSERT INTO Bookings VALUES (100, 80, 'Ayan', 6, 1200);
INSERT INTO Bookings VALUES (101, 11, 'Pari', 6, 1200);
INSERT INTO Bookings VALUES (102, 104, 'Krishna', 6, 1200);
INSERT INTO Bookings VALUES (103, 166, 'Sai', 4, 800);
INSERT INTO Bookings VALUES (104, 144, 'Sara', 6, 1200);
INSERT INTO Bookings VALUES (105, 81, 'Krishna', 4, 800);
INSERT INTO Bookings VALUES (106, 113, 'Sara', 3, 600);
INSERT INTO Bookings VALUES (107, 27, 'Meera', 5, 1000);
INSERT INTO Bookings VALUES (108, 140, 'Riya', 3, 600);
INSERT INTO Bookings VALUES (109, 96, 'Reyansh', 4, 800);
INSERT INTO Bookings VALUES (110, 154, 'Saanvi', 6, 1200);
INSERT INTO Bookings VALUES (111, 18, 'Vihaan', 2, 400);
INSERT INTO Bookings VALUES (112, 81, 'Riya', 5, 1000);
INSERT INTO Bookings VALUES (113, 168, 'Aarav', 2, 400);
INSERT INTO Bookings VALUES (114, 30, 'Ananya', 6, 1200);
INSERT INTO Bookings VALUES (115, 115, 'Saanvi', 2, 400);
INSERT INTO Bookings VALUES (116, 87, 'Ishaan', 6, 1200);
INSERT INTO Bookings VALUES (117, 187, 'Riya', 4, 800);
INSERT INTO Bookings VALUES (118, 143, 'Vihaan', 3, 600);
INSERT INTO Bookings VALUES (119, 45, 'Vihaan', 5, 1000);
INSERT INTO Bookings VALUES (120, 26, 'Reyansh', 3, 600);
INSERT INTO Bookings VALUES (121, 168, 'Sara', 4, 800);
INSERT INTO Bookings VALUES (122, 171, 'Saanvi', 4, 800);
INSERT INTO Bookings VALUES (123, 39, 'Saanvi', 3, 600);
INSERT INTO Bookings VALUES (124, 193, 'Vihaan', 3, 600);
INSERT INTO Bookings VALUES (125, 125, 'Ananya', 3, 600);
INSERT INTO Bookings VALUES (126, 107, 'Aditya', 1, 200);
INSERT INTO Bookings VALUES (127, 66, 'Diya', 6, 1200);
INSERT INTO Bookings VALUES (128, 184, 'Arjun', 5, 1000);
INSERT INTO Bookings VALUES (129, 132, 'Ishaan', 4, 800);
INSERT INTO Bookings VALUES (130, 137, 'Arjun', 1, 200);
INSERT INTO Bookings VALUES (131, 174, 'Meera', 2, 400);
INSERT INTO Bookings VALUES (132, 75, 'Saanvi', 2, 400);
INSERT INTO Bookings VALUES (133, 89, 'Saanvi', 4, 800);
INSERT INTO Bookings VALUES (134, 4, 'Aarav', 3, 600);
INSERT INTO Bookings VALUES (135, 37, 'Aditya', 5, 1000);
INSERT INTO Bookings VALUES (136, 74, 'Reyansh', 6, 1200);
INSERT INTO Bookings VALUES (137, 48, 'Arjun', 3, 600);
INSERT INTO Bookings VALUES (138, 37, 'Ayan', 2, 400);
INSERT INTO Bookings VALUES (139, 69, 'Krishna', 4, 800);
INSERT INTO Bookings VALUES (140, 41, 'Krishna', 1, 200);
INSERT INTO Bookings VALUES (141, 84, 'Riya', 6, 1200);
INSERT INTO Bookings VALUES (142, 52, 'Saanvi', 2, 400);
INSERT INTO Bookings VALUES (143, 18, 'Sara', 2, 400);
INSERT INTO Bookings VALUES (144, 73, 'Pari', 2, 400);
INSERT INTO Bookings VALUES (145, 160, 'Sai', 6, 1200);
INSERT INTO Bookings VALUES (146, 15, 'Sai', 2, 400);
INSERT INTO Bookings VALUES (147, 120, 'Riya', 4, 800);
INSERT INTO Bookings VALUES (148, 87, 'Ishaan', 1, 200);
INSERT INTO Bookings VALUES (149, 127, 'Diya', 2, 400);
INSERT INTO Bookings VALUES (150, 176, 'Ananya', 3, 600);
INSERT INTO Bookings VALUES (151, 52, 'Ayan', 5, 1000);
INSERT INTO Bookings VALUES (152, 162, 'Pari', 1, 200);
INSERT INTO Bookings VALUES (153, 167, 'Vihaan', 2, 400);
INSERT INTO Bookings VALUES (154, 21, 'Aarav', 1, 200);
INSERT INTO Bookings VALUES (155, 117, 'Reyansh', 3, 600);
INSERT INTO Bookings VALUES (156, 153, 'Arjun', 5, 1000);
INSERT INTO Bookings VALUES (157, 65, 'Vivaan', 4, 800);
INSERT INTO Bookings VALUES (158, 118, 'Saanvi', 6, 1200);
INSERT INTO Bookings VALUES (159, 143, 'Diya', 5, 1000);
INSERT INTO Bookings VALUES (160, 10, 'Sara', 4, 800);
INSERT INTO Bookings VALUES (161, 23, 'Pari', 2, 400);
INSERT INTO Bookings VALUES (162, 53, 'Meera', 6, 1200);
INSERT INTO Bookings VALUES (163, 9, 'Sai', 2, 400);
INSERT INTO Bookings VALUES (164, 131, 'Reyansh', 6, 1200);
INSERT INTO Bookings VALUES (165, 163, 'Vivaan', 2, 400);
INSERT INTO Bookings VALUES (166, 90, 'Ishaan', 2, 400);
INSERT INTO Bookings VALUES (167, 41, 'Riya', 3, 600);
INSERT INTO Bookings VALUES (168, 40, 'Anya', 1, 200);
INSERT INTO Bookings VALUES (169, 154, 'Sai', 2, 400);
INSERT INTO Bookings VALUES (170, 187, 'Vivaan', 4, 800);
INSERT INTO Bookings VALUES (171, 60, 'Meera', 6, 1200);
INSERT INTO Bookings VALUES (172, 33, 'Aarav', 2, 400);
INSERT INTO Bookings VALUES (173, 124, 'Sai', 2, 400);
INSERT INTO Bookings VALUES (174, 109, 'Krishna', 1, 200);
INSERT INTO Bookings VALUES (175, 63, 'Krishna', 5, 1000);
INSERT INTO Bookings VALUES (176, 177, 'Reyansh', 5, 1000);
INSERT INTO Bookings VALUES (177, 161, 'Aditya', 4, 800);
INSERT INTO Bookings VALUES (178, 55, 'Meera', 5, 1000);
INSERT INTO Bookings VALUES (179, 171, 'Sai', 4, 800);
INSERT INTO Bookings VALUES (180, 141, 'Vihaan', 6, 1200);
INSERT INTO Bookings VALUES (181, 71, 'Meera', 3, 600);
INSERT INTO Bookings VALUES (182, 9, 'Pari', 3, 600);
INSERT INTO Bookings VALUES (183, 172, 'Sara', 2, 400);
INSERT INTO Bookings VALUES (184, 57, 'Saanvi', 4, 800);
INSERT INTO Bookings VALUES (185, 114, 'Saanvi', 3, 600);
INSERT INTO Bookings VALUES (186, 168, 'Aditya', 5, 1000);
INSERT INTO Bookings VALUES (187, 100, 'Pari', 4, 800);
INSERT INTO Bookings VALUES (188, 140, 'Vihaan', 6, 1200);
INSERT INTO Bookings VALUES (189, 146, 'Saanvi', 3, 600);
INSERT INTO Bookings VALUES (190, 137, 'Ishaan', 2, 400);
INSERT INTO Bookings VALUES (191, 39, 'Myra', 4, 800);
INSERT INTO Bookings VALUES (192, 94, 'Aadhya', 6, 1200);
INSERT INTO Bookings VALUES (193, 20, 'Arjun', 1, 200);
INSERT INTO Bookings VALUES (194, 25, 'Krishna', 2, 400);
INSERT INTO Bookings VALUES (195, 9, 'Anya', 3, 600);
INSERT INTO Bookings VALUES (196, 74, 'Meera', 2, 400);
INSERT INTO Bookings VALUES (197, 99, 'Vivaan', 6, 1200);
INSERT INTO Bookings VALUES (198, 9, 'Riya', 3, 600);
INSERT INTO Bookings VALUES (199, 156, 'Ishaan', 4, 800);
INSERT INTO Bookings VALUES (200, 39, 'Sai', 3, 600);
INSERT INTO Bookings VALUES (201, 31, 'Sai', 2, 400);
INSERT INTO Bookings VALUES (202, 115, 'Ayan', 1, 200);
INSERT INTO Bookings VALUES (203, 38, 'Meera', 3, 600);
INSERT INTO Bookings VALUES (204, 38, 'Meera', 5, 1000);
INSERT INTO Bookings VALUES (205, 74, 'Reyansh', 4, 800);
INSERT INTO Bookings VALUES (206, 3, 'Vivaan', 1, 200);
INSERT INTO Bookings VALUES (207, 42, 'Aditya', 4, 800);
INSERT INTO Bookings VALUES (208, 100, 'Ishaan', 5, 1000);
INSERT INTO Bookings VALUES (209, 37, 'Pari', 6, 1200);
INSERT INTO Bookings VALUES (210, 135, 'Diya', 5, 1000);
INSERT INTO Bookings VALUES (211, 118, 'Meera', 6, 1200);
INSERT INTO Bookings VALUES (212, 48, 'Reyansh', 1, 200);
INSERT INTO Bookings VALUES (213, 72, 'Aditya', 2, 400);
INSERT INTO Bookings VALUES (214, 105, 'Riya', 3, 600);
INSERT INTO Bookings VALUES (215, 141, 'Aadhya', 2, 400);
INSERT INTO Bookings VALUES (216, 78, 'Ishaan', 2, 400);
INSERT INTO Bookings VALUES (217, 125, 'Saanvi', 5, 1000);
INSERT INTO Bookings VALUES (218, 2, 'Krishna', 4, 800);
INSERT INTO Bookings VALUES (219, 14, 'Myra', 5, 1000);
INSERT INTO Bookings VALUES (220, 106, 'Sai', 2, 400);
INSERT INTO Bookings VALUES (221, 197, 'Ayan', 3, 600);
INSERT INTO Bookings VALUES (222, 161, 'Krishna', 5, 1000);
INSERT INTO Bookings VALUES (223, 71, 'Ananya', 5, 1000);
INSERT INTO Bookings VALUES (224, 149, 'Myra', 3, 600);
INSERT INTO Bookings VALUES (225, 31, 'Ayan', 4, 800);
INSERT INTO Bookings VALUES (226, 36, 'Meera', 3, 600);
INSERT INTO Bookings VALUES (227, 199, 'Myra', 2, 400);
INSERT INTO Bookings VALUES (228, 62, 'Ishaan', 4, 800);
INSERT INTO Bookings VALUES (229, 164, 'Krishna', 3, 600);
INSERT INTO Bookings VALUES (230, 87, 'Myra', 3, 600);
INSERT INTO Bookings VALUES (231, 47, 'Myra', 3, 600);
INSERT INTO Bookings VALUES (232, 138, 'Myra', 6, 1200);
INSERT INTO Bookings VALUES (233, 188, 'Pari', 1, 200);
INSERT INTO Bookings VALUES (234, 112, 'Krishna', 6, 1200);
INSERT INTO Bookings VALUES (235, 179, 'Pari', 4, 800);
INSERT INTO Bookings VALUES (236, 64, 'Arjun', 3, 600);
INSERT INTO Bookings VALUES (237, 22, 'Aarav', 4, 800);
INSERT INTO Bookings VALUES (238, 181, 'Myra', 1, 200);
INSERT INTO Bookings VALUES (239, 198, 'Diya', 2, 400);
INSERT INTO Bookings VALUES (240, 185, 'Meera', 3, 600);
INSERT INTO Bookings VALUES (241, 187, 'Diya', 2, 400);
INSERT INTO Bookings VALUES (242, 77, 'Riya', 5, 1000);
INSERT INTO Bookings VALUES (243, 177, 'Sai', 4, 800);
INSERT INTO Bookings VALUES (244, 92, 'Diya', 1, 200);
INSERT INTO Bookings VALUES (245, 156, 'Anya', 5, 1000);
INSERT INTO Bookings VALUES (246, 86, 'Vihaan', 4, 800);
INSERT INTO Bookings VALUES (247, 138, 'Meera', 1, 200);
INSERT INTO Bookings VALUES (248, 88, 'Meera', 4, 800);
INSERT INTO Bookings VALUES (249, 4, 'Saanvi', 6, 1200);
INSERT INTO Bookings VALUES (250, 148, 'Krishna', 2, 400);
INSERT INTO Bookings VALUES (251, 169, 'Reyansh', 2, 400);
INSERT INTO Bookings VALUES (252, 192, 'Aarav', 3, 600);
INSERT INTO Bookings VALUES (253, 35, 'Riya', 1, 200);
INSERT INTO Bookings VALUES (254, 83, 'Krishna', 1, 200);
INSERT INTO Bookings VALUES (255, 13, 'Anya', 3, 600);
INSERT INTO Bookings VALUES (256, 145, 'Myra', 4, 800);
INSERT INTO Bookings VALUES (257, 15, 'Myra', 2, 400);
INSERT INTO Bookings VALUES (258, 101, 'Aarav', 5, 1000);
INSERT INTO Bookings VALUES (259, 113, 'Riya', 1, 200);
INSERT INTO Bookings VALUES (260, 15, 'Reyansh', 6, 1200);
INSERT INTO Bookings VALUES (261, 61, 'Myra', 4, 800);
INSERT INTO Bookings VALUES (262, 88, 'Saanvi', 2, 400);
INSERT INTO Bookings VALUES (263, 53, 'Aarav', 5, 1000);
INSERT INTO Bookings VALUES (264, 184, 'Sai', 6, 1200);
INSERT INTO Bookings VALUES (265, 10, 'Myra', 5, 1000);
INSERT INTO Bookings VALUES (266, 52, 'Ananya', 1, 200);
INSERT INTO Bookings VALUES (267, 41, 'Reyansh', 1, 200);
INSERT INTO Bookings VALUES (268, 73, 'Ananya', 2, 400);
INSERT INTO Bookings VALUES (269, 151, 'Pari', 5, 1000);
INSERT INTO Bookings VALUES (270, 168, 'Krishna', 4, 800);
INSERT INTO Bookings VALUES (271, 84, 'Sara', 4, 800);
INSERT INTO Bookings VALUES (272, 65, 'Krishna', 5, 1000);
INSERT INTO Bookings VALUES (273, 149, 'Ayan', 5, 1000);
INSERT INTO Bookings VALUES (274, 12, 'Meera', 5, 1000);
INSERT INTO Bookings VALUES (275, 30, 'Pari', 5, 1000);
INSERT INTO Bookings VALUES (276, 140, 'Reyansh', 4, 800);
INSERT INTO Bookings VALUES (277, 63, 'Diya', 6, 1200);
INSERT INTO Bookings VALUES (278, 151, 'Ishaan', 1, 200);
INSERT INTO Bookings VALUES (279, 55, 'Ananya', 1, 200);
INSERT INTO Bookings VALUES (280, 136, 'Aditya', 3, 600);
INSERT INTO Bookings VALUES (281, 123, 'Ananya', 3, 600);
INSERT INTO Bookings VALUES (282, 53, 'Meera', 5, 1000);
INSERT INTO Bookings VALUES (283, 117, 'Diya', 4, 800);
INSERT INTO Bookings VALUES (284, 7, 'Ananya', 6, 1200);
INSERT INTO Bookings VALUES (285, 19, 'Aadhya', 6, 1200);
INSERT INTO Bookings VALUES (286, 101, 'Ananya', 3, 600);
INSERT INTO Bookings VALUES (287, 31, 'Aarav', 1, 200);
INSERT INTO Bookings VALUES (288, 141, 'Anya', 3, 600);
INSERT INTO Bookings VALUES (289, 142, 'Aadhya', 2, 400);
INSERT INTO Bookings VALUES (290, 121, 'Ishaan', 5, 1000);
INSERT INTO Bookings VALUES (291, 112, 'Sai', 5, 1000);
INSERT INTO Bookings VALUES (292, 75, 'Reyansh', 3, 600);
INSERT INTO Bookings VALUES (293, 75, 'Krishna', 4, 800);
INSERT INTO Bookings VALUES (294, 30, 'Pari', 6, 1200);
INSERT INTO Bookings VALUES (295, 184, 'Anya', 2, 400);
INSERT INTO Bookings VALUES (296, 22, 'Sara', 5, 1000);
INSERT INTO Bookings VALUES (297, 81, 'Pari', 4, 800);
INSERT INTO Bookings VALUES (298, 1, 'Vivaan', 3, 600);
INSERT INTO Bookings VALUES (299, 144, 'Ishaan', 1, 200);
INSERT INTO Bookings VALUES (300, 31, 'Aadhya', 3, 600);
